Program,Year,Period,Week Ending,Geo Level,State,State ANSI,Ag District,Ag District Code,County,County ANSI,Zip Code,Region,watershed_code,Watershed,Commodity,Data Item,Domain,Domain Category,Value,CV (%)
SURVEY,2020,YEAR,,NATIONAL,US TOTAL,,,,,,,,0,,BARLEY,"BARLEY - PRODUCTION, MEASURED IN $",TOTAL,NOT SPECIFIED,"753,314,000",
SURVEY,2020,YEAR,,NATIONAL,US TOTAL,,,,,,,,0,,BEANS,"BEANS, DRY EDIBLE, (EXCL CHICKPEAS) - PRODUCTION, MEASURED IN $",TOTAL,NOT SPECIFIED,"1,005,619,000",
SURVEY,2020,YEAR,,NATIONAL,US TOTAL,,,,,,,,0,,CANOLA,"CANOLA - PRODUCTION, MEASURED IN $",TOTAL,NOT SPECIFIED,"602,504,000",
SURVEY,2020,YEAR,,NATIONAL,US TOTAL,,,,,,,,0,,CHICKPEAS,"CHICKPEAS - PRODUCTION, MEASURED IN $",TOTAL,NOT SPECIFIED,"83,210,000",
SURVEY,2020,YEAR,,NATIONAL,US TOTAL,,,,,,,,0,,CORN,"CORN, GRAIN - PRODUCTION, MEASURED IN $",TOTAL,NOT SPECIFIED,"61,039,005,000",
SURVEY,2020,YEAR,,NATIONAL,US TOTAL,,,,,,,,0,,COTTON,"COTTON - PRODUCTION, MEASURED IN $",TOTAL,NOT SPECIFIED,"4,677,566,000",
SURVEY,2020,YEAR,,NATIONAL,US TOTAL,,,,,,,,0,,FLAXSEED,"FLAXSEED - PRODUCTION, MEASURED IN $",TOTAL,NOT SPECIFIED,"56,487,000",
SURVEY,2020,YEAR,,NATIONAL,US TOTAL,,,,,,,,0,,HAY & HAYLAGE,"HAY & HAYLAGE - PRODUCTION, MEASURED IN $",TOTAL,NOT SPECIFIED,"19,652,802,000",
SURVEY,2020,YEAR,,NATIONAL,US TOTAL,,,,,,,,0,,HOPS,"HOPS - PRODUCTION, MEASURED IN $",TOTAL,NOT SPECIFIED,"619,424,000",
SURVEY,2020,YEAR,,NATIONAL,US TOTAL,,,,,,,,0,,LENTILS,"LENTILS - PRODUCTION, MEASURED IN $",TOTAL,NOT SPECIFIED,"129,220,000",
SURVEY,2020,YEAR,,NATIONAL,US TOTAL,,,,,,,,0,,MILLET,"MILLET, PROSO - PRODUCTION, MEASURED IN $",TOTAL,NOT SPECIFIED,"91,120,000",
SURVEY,2020,YEAR,,NATIONAL,US TOTAL,,,,,,,,0,,MINT,"MINT, PEPPERMINT, OIL - PRODUCTION, MEASURED IN $",TOTAL,NOT SPECIFIED,"94,360,000",
SURVEY,2020,YEAR,,NATIONAL,US TOTAL,,,,,,,,0,,MUSTARD,"MUSTARD - PRODUCTION, MEASURED IN $",TOTAL,NOT SPECIFIED,"22,161,000",
SURVEY,2020,YEAR,,NATIONAL,US TOTAL,,,,,,,,0,,OATS,"OATS - PRODUCTION, MEASURED IN $",TOTAL,NOT SPECIFIED,"186,241,000",
SURVEY,2020,YEAR,,NATIONAL,US TOTAL,,,,,,,,0,,PEANUTS,"PEANUTS - PRODUCTION, MEASURED IN $",TOTAL,NOT SPECIFIED,"1,275,009,000",
SURVEY,2020,YEAR,,NATIONAL,US TOTAL,,,,,,,,0,,PEAS,"PEAS, DRY EDIBLE - PRODUCTION, MEASURED IN $",TOTAL,NOT SPECIFIED,"196,705,000",
SURVEY,2020,YEAR,,NATIONAL,US TOTAL,,,,,,,,0,,RAPESEED,"RAPESEED - PRODUCTION, MEASURED IN $",TOTAL,NOT SPECIFIED,"4,497,000",
SURVEY,2020,YEAR,,NATIONAL,US TOTAL,,,,,,,,0,,RICE,"RICE - PRODUCTION, MEASURED IN $",TOTAL,NOT SPECIFIED,"3,069,000,000",
SURVEY,2020,YEAR,,NATIONAL,US TOTAL,,,,,,,,0,,RYE,"RYE - PRODUCTION, MEASURED IN $",TOTAL,NOT SPECIFIED,"59,816,000",
SURVEY,2020,YEAR,,NATIONAL,US TOTAL,,,,,,,,0,,SAFFLOWER,"SAFFLOWER - PRODUCTION, MEASURED IN $",TOTAL,NOT SPECIFIED,"31,470,000",
SURVEY,2020,YEAR,,NATIONAL,US TOTAL,,,,,,,,0,,SORGHUM,"SORGHUM, GRAIN - PRODUCTION, MEASURED IN $",TOTAL,NOT SPECIFIED,"1,719,805,000",
SURVEY,2020,YEAR,,NATIONAL,US TOTAL,,,,,,,,0,,SOYBEANS,"SOYBEANS - PRODUCTION, MEASURED IN $",TOTAL,NOT SPECIFIED,"46,068,982,000",
SURVEY,2020,YEAR,,NATIONAL,US TOTAL,,,,,,,,0,,SUNFLOWER,"SUNFLOWER - PRODUCTION, MEASURED IN $",TOTAL,NOT SPECIFIED,"587,848,000",
SURVEY,2020,YEAR,,NATIONAL,US TOTAL,,,,,,,,0,,TOBACCO,"TOBACCO - PRODUCTION, MEASURED IN $",TOTAL,NOT SPECIFIED,"819,102,000",
SURVEY,2020,YEAR,,NATIONAL,US TOTAL,,,,,,,,0,,WHEAT,"WHEAT - PRODUCTION, MEASURED IN $",TOTAL,NOT SPECIFIED,"9,324,496,000",
SURVEY,2020,YEAR,,STATE,ALABAMA,1,,,,,,,0,,CORN,"CORN, GRAIN - PRODUCTION, MEASURED IN $",TOTAL,NOT SPECIFIED,"209,824,000",
SURVEY,2020,YEAR,,STATE,ALABAMA,1,,,,,,,0,,HAY & HAYLAGE,"HAY & HAYLAGE - PRODUCTION, MEASURED IN $",TOTAL,NOT SPECIFIED,"218,550,000",
SURVEY,2020,YEAR,,STATE,ALABAMA,1,,,,,,,0,,PEANUTS,"PEANUTS - PRODUCTION, MEASURED IN $",TOTAL,NOT SPECIFIED,"129,311,000",
SURVEY,2020,YEAR,,STATE,ALABAMA,1,,,,,,,0,,SOYBEANS,"SOYBEANS - PRODUCTION, MEASURED IN $",TOTAL,NOT SPECIFIED,"121,770,000",
SURVEY,2020,YEAR,,STATE,ALABAMA,1,,,,,,,0,,WHEAT,"WHEAT - PRODUCTION, MEASURED IN $",TOTAL,NOT SPECIFIED,"26,208,000",
SURVEY,2020,YEAR,,STATE,ALASKA,2,,,,,,,0,,BARLEY,"BARLEY - PRODUCTION, MEASURED IN $",TOTAL,NOT SPECIFIED,"1,097,000",
SURVEY,2020,YEAR,,STATE,ALASKA,2,,,,,,,0,,HAY & HAYLAGE,"HAY & HAYLAGE - PRODUCTION, MEASURED IN $",TOTAL,NOT SPECIFIED,"8,760,000",
SURVEY,2020,YEAR,,STATE,ARIZONA,4,,,,,,,0,,BARLEY,"BARLEY - PRODUCTION, MEASURED IN $",TOTAL,NOT SPECIFIED,"4,343,000",
SURVEY,2020,YEAR,,STATE,ARIZONA,4,,,,,,,0,,CORN,"CORN, GRAIN - PRODUCTION, MEASURED IN $",TOTAL,NOT SPECIFIED,"29,290,000",
SURVEY,2020,YEAR,,STATE,ARIZONA,4,,,,,,,0,,HAY & HAYLAGE,"HAY & HAYLAGE - PRODUCTION, MEASURED IN $",TOTAL,NOT SPECIFIED,"444,300,000",
SURVEY,2020,YEAR,,STATE,ARIZONA,4,,,,,,,0,,WHEAT,"WHEAT - PRODUCTION, MEASURED IN $",TOTAL,NOT SPECIFIED,"32,566,000",
SURVEY,2020,YEAR,,STATE,ARKANSAS,5,,,,,,,0,,CORN,"CORN, GRAIN - PRODUCTION, MEASURED IN $",TOTAL,NOT SPECIFIED,"439,714,000",
SURVEY,2020,YEAR,,STATE,ARKANSAS,5,,,,,,,0,,HAY & HAYLAGE,"HAY & HAYLAGE - PRODUCTION, MEASURED IN $",TOTAL,NOT SPECIFIED,"289,956,000",
SURVEY,2020,YEAR,,STATE,ARKANSAS,5,,,,,,,0,,OATS,"OATS - PRODUCTION, MEASURED IN $",TOTAL,NOT SPECIFIED,"960,000",
SURVEY,2020,YEAR,,STATE,ARKANSAS,5,,,,,,,0,,PEANUTS,"PEANUTS - PRODUCTION, MEASURED IN $",TOTAL,NOT SPECIFIED,"35,386,000",
SURVEY,2020,YEAR,,STATE,ARKANSAS,5,,,,,,,0,,RICE,"RICE - PRODUCTION, MEASURED IN $",TOTAL,NOT SPECIFIED,"1,297,284,000",
SURVEY,2020,YEAR,,STATE,ARKANSAS,5,,,,,,,0,,SOYBEANS,"SOYBEANS - PRODUCTION, MEASURED IN $",TOTAL,NOT SPECIFIED,"1,542,900,000",
SURVEY,2020,YEAR,,STATE,ARKANSAS,5,,,,,,,0,,WHEAT,"WHEAT - PRODUCTION, MEASURED IN $",TOTAL,NOT SPECIFIED,"22,894,000",
SURVEY,2020,YEAR,,STATE,CALIFORNIA,6,,,,,,,0,,BARLEY,"BARLEY - PRODUCTION, MEASURED IN $",TOTAL,NOT SPECIFIED,"6,484,000",
SURVEY,2020,YEAR,,STATE,CALIFORNIA,6,,,,,,,0,,BEANS,"BEANS, DRY EDIBLE, (EXCL CHICKPEAS) - PRODUCTION, MEASURED IN $",TOTAL,NOT SPECIFIED,"45,245,000",
SURVEY,2020,YEAR,,STATE,CALIFORNIA,6,,,,,,,0,,CHICKPEAS,"CHICKPEAS - PRODUCTION, MEASURED IN $",TOTAL,NOT SPECIFIED, (D),
SURVEY,2020,YEAR,,STATE,CALIFORNIA,6,,,,,,,0,,CORN,"CORN, GRAIN - PRODUCTION, MEASURED IN $",TOTAL,NOT SPECIFIED,"50,490,000",
SURVEY,2020,YEAR,,STATE,CALIFORNIA,6,,,,,,,0,,HAY & HAYLAGE,"HAY & HAYLAGE - PRODUCTION, MEASURED IN $",TOTAL,NOT SPECIFIED,"1,007,260,000",
SURVEY,2020,YEAR,,STATE,CALIFORNIA,6,,,,,,,0,,OATS,"OATS - PRODUCTION, MEASURED IN $",TOTAL,NOT SPECIFIED,"900,000",
SURVEY,2020,YEAR,,STATE,CALIFORNIA,6,,,,,,,0,,RICE,"RICE - PRODUCTION, MEASURED IN $",TOTAL,NOT SPECIFIED,"846,909,000",
SURVEY,2020,YEAR,,STATE,CALIFORNIA,6,,,,,,,0,,SAFFLOWER,"SAFFLOWER - PRODUCTION, MEASURED IN $",TOTAL,NOT SPECIFIED,"12,210,000",
SURVEY,2020,YEAR,,STATE,CALIFORNIA,6,,,,,,,0,,SUNFLOWER,"SUNFLOWER - PRODUCTION, MEASURED IN $",TOTAL,NOT SPECIFIED,"13,946,000",
SURVEY,2020,YEAR,,STATE,CALIFORNIA,6,,,,,,,0,,WHEAT,"WHEAT - PRODUCTION, MEASURED IN $",TOTAL,NOT SPECIFIED,"48,123,000",
SURVEY,2020,YEAR,,STATE,COLORADO,8,,,,,,,0,,BARLEY,"BARLEY - PRODUCTION, MEASURED IN $",TOTAL,NOT SPECIFIED,"31,646,000",
SURVEY,2020,YEAR,,STATE,COLORADO,8,,,,,,,0,,BEANS,"BEANS, DRY EDIBLE, (EXCL CHICKPEAS) - PRODUCTION, MEASURED IN $",TOTAL,NOT SPECIFIED,"31,322,000",
SURVEY,2020,YEAR,,STATE,COLORADO,8,,,,,,,0,,CORN,"CORN, GRAIN - PRODUCTION, MEASURED IN $",TOTAL,NOT SPECIFIED,"577,912,000",
SURVEY,2020,YEAR,,STATE,COLORADO,8,,,,,,,0,,HAY & HAYLAGE,"HAY & HAYLAGE - PRODUCTION, MEASURED IN $",TOTAL,NOT SPECIFIED,"695,164,000",
SURVEY,2020,YEAR,,STATE,COLORADO,8,,,,,,,0,,MILLET,"MILLET, PROSO - PRODUCTION, MEASURED IN $",TOTAL,NOT SPECIFIED,"48,097,000",
SURVEY,2020,YEAR,,STATE,COLORADO,8,,,,,,,0,,SORGHUM,"SORGHUM, GRAIN - PRODUCTION, MEASURED IN $",TOTAL,NOT SPECIFIED,"21,420,000",
SURVEY,2020,YEAR,,STATE,COLORADO,8,,,,,,,0,,SUNFLOWER,"SUNFLOWER - PRODUCTION, MEASURED IN $",TOTAL,NOT SPECIFIED,"9,900,000",
SURVEY,2020,YEAR,,STATE,COLORADO,8,,,,,,,0,,WHEAT,"WHEAT - PRODUCTION, MEASURED IN $",TOTAL,NOT SPECIFIED,"190,836,000",
SURVEY,2020,YEAR,,STATE,CONNECTICUT,9,,,,,,,0,,HAY & HAYLAGE,"HAY & HAYLAGE - PRODUCTION, MEASURED IN $",TOTAL,NOT SPECIFIED,"15,160,000",
SURVEY,2020,YEAR,,STATE,DELAWARE,10,,,,,,,0,,BARLEY,"BARLEY - PRODUCTION, MEASURED IN $",TOTAL,NOT SPECIFIED,"3,906,000",
SURVEY,2020,YEAR,,STATE,DELAWARE,10,,,,,,,0,,CORN,"CORN, GRAIN - PRODUCTION, MEASURED IN $",TOTAL,NOT SPECIFIED,"121,088,000",
SURVEY,2020,YEAR,,STATE,DELAWARE,10,,,,,,,0,,HAY & HAYLAGE,"HAY & HAYLAGE - PRODUCTION, MEASURED IN $",TOTAL,NOT SPECIFIED,"5,292,000",
SURVEY,2020,YEAR,,STATE,DELAWARE,10,,,,,,,0,,SOYBEANS,"SOYBEANS - PRODUCTION, MEASURED IN $",TOTAL,NOT SPECIFIED,"63,455,000",
SURVEY,2020,YEAR,,STATE,DELAWARE,10,,,,,,,0,,WHEAT,"WHEAT - PRODUCTION, MEASURED IN $",TOTAL,NOT SPECIFIED,"22,283,000",
SURVEY,2020,YEAR,,STATE,FLORIDA,12,,,,,,,0,,CORN,"CORN, GRAIN - PRODUCTION, MEASURED IN $",TOTAL,NOT SPECIFIED,"39,144,000",
SURVEY,2020,YEAR,,STATE,FLORIDA,12,,,,,,,0,,HAY & HAYLAGE,"HAY & HAYLAGE - PRODUCTION, MEASURED IN $",TOTAL,NOT SPECIFIED,"123,480,000",
SURVEY,2020,YEAR,,STATE,FLORIDA,12,,,,,,,0,,PEANUTS,"PEANUTS - PRODUCTION, MEASURED IN $",TOTAL,NOT SPECIFIED,"113,883,000",
SURVEY,2020,YEAR,,STATE,GEORGIA,13,,,,,,,0,,CORN,"CORN, GRAIN - PRODUCTION, MEASURED IN $",TOTAL,NOT SPECIFIED,"301,860,000",
SURVEY,2020,YEAR,,STATE,GEORGIA,13,,,,,,,0,,HAY & HAYLAGE,"HAY & HAYLAGE - PRODUCTION, MEASURED IN $",TOTAL,NOT SPECIFIED,"164,160,000",
SURVEY,2020,YEAR,,STATE,GEORGIA,13,,,,,,,0,,OATS,"OATS - PRODUCTION, MEASURED IN $",TOTAL,NOT SPECIFIED,"4,698,000",
SURVEY,2020,YEAR,,STATE,GEORGIA,13,,,,,,,0,,PEANUTS,"PEANUTS - PRODUCTION, MEASURED IN $",TOTAL,NOT SPECIFIED,"656,000,000",
SURVEY,2020,YEAR,,STATE,GEORGIA,13,,,,,,,0,,SOYBEANS,"SOYBEANS - PRODUCTION, MEASURED IN $",TOTAL,NOT SPECIFIED,"40,508,000",
SURVEY,2020,YEAR,,STATE,GEORGIA,13,,,,,,,0,,TOBACCO,"TOBACCO - PRODUCTION, MEASURED IN $",TOTAL,NOT SPECIFIED,"39,130,000",
SURVEY,2020,YEAR,,STATE,GEORGIA,13,,,,,,,0,,WHEAT,"WHEAT - PRODUCTION, MEASURED IN $",TOTAL,NOT SPECIFIED,"24,310,000",
SURVEY,2020,YEAR,,STATE,IDAHO,16,,,,,,,0,,BARLEY,"BARLEY - PRODUCTION, MEASURED IN $",TOTAL,NOT SPECIFIED,"269,500,000",
SURVEY,2020,YEAR,,STATE,IDAHO,16,,,,,,,0,,BEANS,"BEANS, DRY EDIBLE, (EXCL CHICKPEAS) - PRODUCTION, MEASURED IN $",TOTAL,NOT SPECIFIED,"50,944,000",
SURVEY,2020,YEAR,,STATE,IDAHO,16,,,,,,,0,,CHICKPEAS,"CHICKPEAS - PRODUCTION, MEASURED IN $",TOTAL,NOT SPECIFIED,"17,368,000",
SURVEY,2020,YEAR,,STATE,IDAHO,16,,,,,,,0,,CORN,"CORN, GRAIN - PRODUCTION, MEASURED IN $",TOTAL,NOT SPECIFIED,"121,589,000",
SURVEY,2020,YEAR,,STATE,IDAHO,16,,,,,,,0,,HAY & HAYLAGE,"HAY & HAYLAGE - PRODUCTION, MEASURED IN $",TOTAL,NOT SPECIFIED,"930,936,000",
SURVEY,2020,YEAR,,STATE,IDAHO,16,,,,,,,0,,HOPS,"HOPS - PRODUCTION, MEASURED IN $",TOTAL,NOT SPECIFIED,"99,703,000",
SURVEY,2020,YEAR,,STATE,IDAHO,16,,,,,,,0,,LENTILS,"LENTILS - PRODUCTION, MEASURED IN $",TOTAL,NOT SPECIFIED,"7,717,000",
SURVEY,2020,YEAR,,STATE,IDAHO,16,,,,,,,0,,MINT,"MINT, PEPPERMINT, OIL - PRODUCTION, MEASURED IN $",TOTAL,NOT SPECIFIED,"34,650,000",
SURVEY,2020,YEAR,,STATE,IDAHO,16,,,,,,,0,,OATS,"OATS - PRODUCTION, MEASURED IN $",TOTAL,NOT SPECIFIED,"3,499,000",
SURVEY,2020,YEAR,,STATE,IDAHO,16,,,,,,,0,,PEAS,"PEAS, DRY EDIBLE - PRODUCTION, MEASURED IN $",TOTAL,NOT SPECIFIED,"11,560,000",
SURVEY,2020,YEAR,,STATE,IDAHO,16,,,,,,,0,,SAFFLOWER,"SAFFLOWER - PRODUCTION, MEASURED IN $",TOTAL,NOT SPECIFIED,"4,431,000",
SURVEY,2020,YEAR,,STATE,IDAHO,16,,,,,,,0,,WHEAT,"WHEAT - PRODUCTION, MEASURED IN $",TOTAL,NOT SPECIFIED,"582,419,000",
SURVEY,2020,YEAR,,STATE,ILLINOIS,17,,,,,,,0,,CORN,"CORN, GRAIN - PRODUCTION, MEASURED IN $",TOTAL,NOT SPECIFIED,"9,270,720,000",
SURVEY,2020,YEAR,,STATE,ILLINOIS,17,,,,,,,0,,HAY & HAYLAGE,"HAY & HAYLAGE - PRODUCTION, MEASURED IN $",TOTAL,NOT SPECIFIED,"247,007,000",
SURVEY,2020,YEAR,,STATE,ILLINOIS,17,,,,,,,0,,OATS,"OATS - PRODUCTION, MEASURED IN $",TOTAL,NOT SPECIFIED,"3,219,000",
SURVEY,2020,YEAR,,STATE,ILLINOIS,17,,,,,,,0,,SOYBEANS,"SOYBEANS - PRODUCTION, MEASURED IN $",TOTAL,NOT SPECIFIED,"7,015,100,000",
SURVEY,2020,YEAR,,STATE,ILLINOIS,17,,,,,,,0,,WHEAT,"WHEAT - PRODUCTION, MEASURED IN $",TOTAL,NOT SPECIFIED,"190,944,000",
SURVEY,2020,YEAR,,STATE,INDIANA,18,,,,,,,0,,CORN,"CORN, GRAIN - PRODUCTION, MEASURED IN $",TOTAL,NOT SPECIFIED,"4,368,788,000",
SURVEY,2020,YEAR,,STATE,INDIANA,18,,,,,,,0,,HAY & HAYLAGE,"HAY & HAYLAGE - PRODUCTION, MEASURED IN $",TOTAL,NOT SPECIFIED,"230,580,000",
SURVEY,2020,YEAR,,STATE,INDIANA,18,,,,,,,0,,MINT,"MINT, PEPPERMINT, OIL - PRODUCTION, MEASURED IN $",TOTAL,NOT SPECIFIED, (D),
SURVEY,2020,YEAR,,STATE,INDIANA,18,,,,,,,0,,SOYBEANS,"SOYBEANS - PRODUCTION, MEASURED IN $",TOTAL,NOT SPECIFIED,"3,755,616,000",
SURVEY,2020,YEAR,,STATE,INDIANA,18,,,,,,,0,,WHEAT,"WHEAT - PRODUCTION, MEASURED IN $",TOTAL,NOT SPECIFIED,"92,750,000",
SURVEY,2020,YEAR,,STATE,IOWA,19,,,,,,,0,,CORN,"CORN, GRAIN - PRODUCTION, MEASURED IN $",TOTAL,NOT SPECIFIED,"9,873,660,000",
SURVEY,2020,YEAR,,STATE,IOWA,19,,,,,,,0,,HAY & HAYLAGE,"HAY & HAYLAGE - PRODUCTION, MEASURED IN $",TOTAL,NOT SPECIFIED,"457,036,000",
SURVEY,2020,YEAR,,STATE,IOWA,19,,,,,,,0,,OATS,"OATS - PRODUCTION, MEASURED IN $",TOTAL,NOT SPECIFIED,"17,936,000",
SURVEY,2020,YEAR,,STATE,IOWA,19,,,,,,,0,,SOYBEANS,"SOYBEANS - PRODUCTION, MEASURED IN $",TOTAL,NOT SPECIFIED,"5,482,956,000",
SURVEY,2020,YEAR,,STATE,KANSAS,20,,,,,,,0,,BARLEY,"BARLEY - PRODUCTION, MEASURED IN $",TOTAL,NOT SPECIFIED,"872,000",
SURVEY,2020,YEAR,,STATE,KANSAS,20,,,,,,,0,,CANOLA,"CANOLA - PRODUCTION, MEASURED IN $",TOTAL,NOT SPECIFIED,"655,000",
SURVEY,2020,YEAR,,STATE,KANSAS,20,,,,,,,0,,CORN,"CORN, GRAIN - PRODUCTION, MEASURED IN $",TOTAL,NOT SPECIFIED,"3,295,864,000",
SURVEY,2020,YEAR,,STATE,KANSAS,20,,,,,,,0,,HAY & HAYLAGE,"HAY & HAYLAGE - PRODUCTION, MEASURED IN $",TOTAL,NOT SPECIFIED,"680,654,000",
SURVEY,2020,YEAR,,STATE,KANSAS,20,,,,,,,0,,OATS,"OATS - PRODUCTION, MEASURED IN $",TOTAL,NOT SPECIFIED,"2,454,000",
SURVEY,2020,YEAR,,STATE,KANSAS,20,,,,,,,0,,SORGHUM,"SORGHUM, GRAIN - PRODUCTION, MEASURED IN $",TOTAL,NOT SPECIFIED,"1,146,208,000",
SURVEY,2020,YEAR,,STATE,KANSAS,20,,,,,,,0,,SOYBEANS,"SOYBEANS - PRODUCTION, MEASURED IN $",TOTAL,NOT SPECIFIED,"2,074,815,000",
SURVEY,2020,YEAR,,STATE,KANSAS,20,,,,,,,0,,SUNFLOWER,"SUNFLOWER - PRODUCTION, MEASURED IN $",TOTAL,NOT SPECIFIED,"21,513,000",
SURVEY,2020,YEAR,,STATE,KANSAS,20,,,,,,,0,,WHEAT,"WHEAT - PRODUCTION, MEASURED IN $",TOTAL,NOT SPECIFIED,"1,265,625,000",
SURVEY,2020,YEAR,,STATE,KENTUCKY,21,,,,,,,0,,CORN,"CORN, GRAIN - PRODUCTION, MEASURED IN $",TOTAL,NOT SPECIFIED,"1,129,944,000",
SURVEY,2020,YEAR,,STATE,KENTUCKY,21,,,,,,,0,,HAY & HAYLAGE,"HAY & HAYLAGE - PRODUCTION, MEASURED IN $",TOTAL,NOT SPECIFIED,"785,640,000",
SURVEY,2020,YEAR,,STATE,KENTUCKY,21,,,,,,,0,,SOYBEANS,"SOYBEANS - PRODUCTION, MEASURED IN $",TOTAL,NOT SPECIFIED,"1,163,800,000",
SURVEY,2020,YEAR,,STATE,KENTUCKY,21,,,,,,,0,,TOBACCO,"TOBACCO - PRODUCTION, MEASURED IN $",TOTAL,NOT SPECIFIED,"237,097,000",
SURVEY,2020,YEAR,,STATE,KENTUCKY,21,,,,,,,0,,WHEAT,"WHEAT - PRODUCTION, MEASURED IN $",TOTAL,NOT SPECIFIED,"116,739,000",
SURVEY,2020,YEAR,,STATE,LOUISIANA,22,,,,,,,0,,CORN,"CORN, GRAIN - PRODUCTION, MEASURED IN $",TOTAL,NOT SPECIFIED,"324,805,000",
SURVEY,2020,YEAR,,STATE,LOUISIANA,22,,,,,,,0,,HAY & HAYLAGE,"HAY & HAYLAGE - PRODUCTION, MEASURED IN $",TOTAL,NOT SPECIFIED,"96,960,000",
SURVEY,2020,YEAR,,STATE,LOUISIANA,22,,,,,,,0,,RICE,"RICE - PRODUCTION, MEASURED IN $",TOTAL,NOT SPECIFIED,"397,364,000",
SURVEY,2020,YEAR,,STATE,LOUISIANA,22,,,,,,,0,,SOYBEANS,"SOYBEANS - PRODUCTION, MEASURED IN $",TOTAL,NOT SPECIFIED,"556,818,000",
SURVEY,2020,YEAR,,STATE,MAINE,23,,,,,,,0,,BARLEY,"BARLEY - PRODUCTION, MEASURED IN $",TOTAL,NOT SPECIFIED,"2,608,000",
SURVEY,2020,YEAR,,STATE,MAINE,23,,,,,,,0,,HAY & HAYLAGE,"HAY & HAYLAGE - PRODUCTION, MEASURED IN $",TOTAL,NOT SPECIFIED,"25,545,000",
SURVEY,2020,YEAR,,STATE,MAINE,23,,,,,,,0,,OATS,"OATS - PRODUCTION, MEASURED IN $",TOTAL,NOT SPECIFIED,"3,950,000",
SURVEY,2020,YEAR,,STATE,MARYLAND,24,,,,,,,0,,BARLEY,"BARLEY - PRODUCTION, MEASURED IN $",TOTAL,NOT SPECIFIED,"5,059,000",
SURVEY,2020,YEAR,,STATE,MARYLAND,24,,,,,,,0,,CORN,"CORN, GRAIN - PRODUCTION, MEASURED IN $",TOTAL,NOT SPECIFIED,"286,595,000",
SURVEY,2020,YEAR,,STATE,MARYLAND,24,,,,,,,0,,HAY & HAYLAGE,"HAY & HAYLAGE - PRODUCTION, MEASURED IN $",TOTAL,NOT SPECIFIED,"65,736,000",
SURVEY,2020,YEAR,,STATE,MARYLAND,24,,,,,,,0,,SOYBEANS,"SOYBEANS - PRODUCTION, MEASURED IN $",TOTAL,NOT SPECIFIED,"183,582,000",
SURVEY,2020,YEAR,,STATE,MARYLAND,24,,,,,,,0,,WHEAT,"WHEAT - PRODUCTION, MEASURED IN $",TOTAL,NOT SPECIFIED,"60,773,000",
SURVEY,2020,YEAR,,STATE,MASSACHUSETTS,25,,,,,,,0,,HAY & HAYLAGE,"HAY & HAYLAGE - PRODUCTION, MEASURED IN $",TOTAL,NOT SPECIFIED,"18,230,000",
SURVEY,2020,YEAR,,STATE,MICHIGAN,26,,,,,,,0,,BARLEY,"BARLEY - PRODUCTION, MEASURED IN $",TOTAL,NOT SPECIFIED,"1,770,000",
SURVEY,2020,YEAR,,STATE,MICHIGAN,26,,,,,,,0,,BEANS,"BEANS, DRY EDIBLE, (EXCL CHICKPEAS) - PRODUCTION, MEASURED IN $",TOTAL,NOT SPECIFIED,"185,213,000",
SURVEY,2020,YEAR,,STATE,MICHIGAN,26,,,,,,,0,,CORN,"CORN, GRAIN - PRODUCTION, MEASURED IN $",TOTAL,NOT SPECIFIED,"1,363,747,000",
SURVEY,2020,YEAR,,STATE,MICHIGAN,26,,,,,,,0,,HAY & HAYLAGE,"HAY & HAYLAGE - PRODUCTION, MEASURED IN $",TOTAL,NOT SPECIFIED,"532,612,000",
SURVEY,2020,YEAR,,STATE,MICHIGAN,26,,,,,,,0,,OATS,"OATS - PRODUCTION, MEASURED IN $",TOTAL,NOT SPECIFIED,"4,950,000",
SURVEY,2020,YEAR,,STATE,MICHIGAN,26,,,,,,,0,,SOYBEANS,"SOYBEANS - PRODUCTION, MEASURED IN $",TOTAL,NOT SPECIFIED,"1,183,695,000",
SURVEY,2020,YEAR,,STATE,MICHIGAN,26,,,,,,,0,,WHEAT,"WHEAT - PRODUCTION, MEASURED IN $",TOTAL,NOT SPECIFIED,"180,563,000",
SURVEY,2020,YEAR,,STATE,MINNESOTA,27,,,,,,,0,,BARLEY,"BARLEY - PRODUCTION, MEASURED IN $",TOTAL,NOT SPECIFIED,"10,223,000",
SURVEY,2020,YEAR,,STATE,MINNESOTA,27,,,,,,,0,,BEANS,"BEANS, DRY EDIBLE, (EXCL CHICKPEAS) - PRODUCTION, MEASURED IN $",TOTAL,NOT SPECIFIED,"191,165,000",
SURVEY,2020,YEAR,,STATE,MINNESOTA,27,,,,,,,0,,CANOLA,"CANOLA - PRODUCTION, MEASURED IN $",TOTAL,NOT SPECIFIED,"13,414,000",
SURVEY,2020,YEAR,,STATE,MINNESOTA,27,,,,,,,0,,CORN,"CORN, GRAIN - PRODUCTION, MEASURED IN $",TOTAL,NOT SPECIFIED,"6,056,064,000",
SURVEY,2020,YEAR,,STATE,MINNESOTA,27,,,,,,,0,,HAY & HAYLAGE,"HAY & HAYLAGE - PRODUCTION, MEASURED IN $",TOTAL,NOT SPECIFIED,"552,295,000",
SURVEY,2020,YEAR,,STATE,MINNESOTA,27,,,,,,,0,,OATS,"OATS - PRODUCTION, MEASURED IN $",TOTAL,NOT SPECIFIED,"26,400,000",
SURVEY,2020,YEAR,,STATE,MINNESOTA,27,,,,,,,0,,RYE,"RYE - PRODUCTION, MEASURED IN $",TOTAL,NOT SPECIFIED,"2,309,000",
SURVEY,2020,YEAR,,STATE,MINNESOTA,27,,,,,,,0,,SOYBEANS,"SOYBEANS - PRODUCTION, MEASURED IN $",TOTAL,NOT SPECIFIED,"3,986,787,000",
SURVEY,2020,YEAR,,STATE,MINNESOTA,27,,,,,,,0,,SUNFLOWER,"SUNFLOWER - PRODUCTION, MEASURED IN $",TOTAL,NOT SPECIFIED,"29,468,000",
SURVEY,2020,YEAR,,STATE,MINNESOTA,27,,,,,,,0,,WHEAT,"WHEAT - PRODUCTION, MEASURED IN $",TOTAL,NOT SPECIFIED,"360,400,000",
SURVEY,2020,YEAR,,STATE,MISSISSIPPI,28,,,,,,,0,,CORN,"CORN, GRAIN - PRODUCTION, MEASURED IN $",TOTAL,NOT SPECIFIED,"326,340,000",
SURVEY,2020,YEAR,,STATE,MISSISSIPPI,28,,,,,,,0,,HAY & HAYLAGE,"HAY & HAYLAGE - PRODUCTION, MEASURED IN $",TOTAL,NOT SPECIFIED,"160,875,000",
SURVEY,2020,YEAR,,STATE,MISSISSIPPI,28,,,,,,,0,,PEANUTS,"PEANUTS - PRODUCTION, MEASURED IN $",TOTAL,NOT SPECIFIED,"19,360,000",
SURVEY,2020,YEAR,,STATE,MISSISSIPPI,28,,,,,,,0,,RICE,"RICE - PRODUCTION, MEASURED IN $",TOTAL,NOT SPECIFIED,"151,788,000",
SURVEY,2020,YEAR,,STATE,MISSISSIPPI,28,,,,,,,0,,SOYBEANS,"SOYBEANS - PRODUCTION, MEASURED IN $",TOTAL,NOT SPECIFIED,"1,190,268,000",
SURVEY,2020,YEAR,,STATE,MISSISSIPPI,28,,,,,,,0,,WHEAT,"WHEAT - PRODUCTION, MEASURED IN $",TOTAL,NOT SPECIFIED,"4,944,000",
SURVEY,2020,YEAR,,STATE,MISSOURI,29,,,,,,,0,,CORN,"CORN, GRAIN - PRODUCTION, MEASURED IN $",TOTAL,NOT SPECIFIED,"2,411,784,000",
SURVEY,2020,YEAR,,STATE,MISSOURI,29,,,,,,,0,,HAY & HAYLAGE,"HAY & HAYLAGE - PRODUCTION, MEASURED IN $",TOTAL,NOT SPECIFIED,"729,520,000",
SURVEY,2020,YEAR,,STATE,MISSOURI,29,,,,,,,0,,OATS,"OATS - PRODUCTION, MEASURED IN $",TOTAL,NOT SPECIFIED,"1,548,000",
SURVEY,2020,YEAR,,STATE,MISSOURI,29,,,,,,,0,,RICE,"RICE - PRODUCTION, MEASURED IN $",TOTAL,NOT SPECIFIED,"180,055,000",
SURVEY,2020,YEAR,,STATE,MISSOURI,29,,,,,,,0,,SOYBEANS,"SOYBEANS - PRODUCTION, MEASURED IN $",TOTAL,NOT SPECIFIED,"3,340,750,000",
SURVEY,2020,YEAR,,STATE,MISSOURI,29,,,,,,,0,,WHEAT,"WHEAT - PRODUCTION, MEASURED IN $",TOTAL,NOT SPECIFIED,"125,023,000",
SURVEY,2020,YEAR,,STATE,MONTANA,30,,,,,,,0,,BARLEY,"BARLEY - PRODUCTION, MEASURED IN $",TOTAL,NOT SPECIFIED,"200,970,000",
SURVEY,2020,YEAR,,STATE,MONTANA,30,,,,,,,0,,CANOLA,"CANOLA - PRODUCTION, MEASURED IN $",TOTAL,NOT SPECIFIED,"38,862,000",
SURVEY,2020,YEAR,,STATE,MONTANA,30,,,,,,,0,,CHICKPEAS,"CHICKPEAS - PRODUCTION, MEASURED IN $",TOTAL,NOT SPECIFIED,"31,690,000",
SURVEY,2020,YEAR,,STATE,MONTANA,30,,,,,,,0,,CORN,"CORN, GRAIN - PRODUCTION, MEASURED IN $",TOTAL,NOT SPECIFIED,"25,266,000",
SURVEY,2020,YEAR,,STATE,MONTANA,30,,,,,,,0,,FLAXSEED,"FLAXSEED - PRODUCTION, MEASURED IN $",TOTAL,NOT SPECIFIED,"14,525,000",
SURVEY,2020,YEAR,,STATE,MONTANA,30,,,,,,,0,,HAY & HAYLAGE,"HAY & HAYLAGE - PRODUCTION, MEASURED IN $",TOTAL,NOT SPECIFIED,"754,496,000",
SURVEY,2020,YEAR,,STATE,MONTANA,30,,,,,,,0,,LENTILS,"LENTILS - PRODUCTION, MEASURED IN $",TOTAL,NOT SPECIFIED,"90,576,000",
SURVEY,2020,YEAR,,STATE,MONTANA,30,,,,,,,0,,OATS,"OATS - PRODUCTION, MEASURED IN $",TOTAL,NOT SPECIFIED,"4,874,000",
SURVEY,2020,YEAR,,STATE,MONTANA,30,,,,,,,0,,PEAS,"PEAS, DRY EDIBLE - PRODUCTION, MEASURED IN $",TOTAL,NOT SPECIFIED,"81,712,000",
SURVEY,2020,YEAR,,STATE,MONTANA,30,,,,,,,0,,SAFFLOWER,"SAFFLOWER - PRODUCTION, MEASURED IN $",TOTAL,NOT SPECIFIED,"7,857,000",
SURVEY,2020,YEAR,,STATE,MONTANA,30,,,,,,,0,,WHEAT,"WHEAT - PRODUCTION, MEASURED IN $",TOTAL,NOT SPECIFIED,"1,200,863,000",
SURVEY,2020,YEAR,,STATE,NEBRASKA,31,,,,,,,0,,BEANS,"BEANS, DRY EDIBLE, (EXCL CHICKPEAS) - PRODUCTION, MEASURED IN $",TOTAL,NOT SPECIFIED,"108,571,000",
SURVEY,2020,YEAR,,STATE,NEBRASKA,31,,,,,,,0,,CORN,"CORN, GRAIN - PRODUCTION, MEASURED IN $",TOTAL,NOT SPECIFIED,"7,607,883,000",
SURVEY,2020,YEAR,,STATE,NEBRASKA,31,,,,,,,0,,HAY & HAYLAGE,"HAY & HAYLAGE - PRODUCTION, MEASURED IN $",TOTAL,NOT SPECIFIED,"621,378,000",
SURVEY,2020,YEAR,,STATE,NEBRASKA,31,,,,,,,0,,MILLET,"MILLET, PROSO - PRODUCTION, MEASURED IN $",TOTAL,NOT SPECIFIED,"26,610,000",
SURVEY,2020,YEAR,,STATE,NEBRASKA,31,,,,,,,0,,OATS,"OATS - PRODUCTION, MEASURED IN $",TOTAL,NOT SPECIFIED,"5,116,000",
SURVEY,2020,YEAR,,STATE,NEBRASKA,31,,,,,,,0,,PEAS,"PEAS, DRY EDIBLE - PRODUCTION, MEASURED IN $",TOTAL,NOT SPECIFIED, (D),
SURVEY,2020,YEAR,,STATE,NEBRASKA,31,,,,,,,0,,SORGHUM,"SORGHUM, GRAIN - PRODUCTION, MEASURED IN $",TOTAL,NOT SPECIFIED,"61,534,000",
SURVEY,2020,YEAR,,STATE,NEBRASKA,31,,,,,,,0,,SOYBEANS,"SOYBEANS - PRODUCTION, MEASURED IN $",TOTAL,NOT SPECIFIED,"3,176,496,000",
SURVEY,2020,YEAR,,STATE,NEBRASKA,31,,,,,,,0,,SUNFLOWER,"SUNFLOWER - PRODUCTION, MEASURED IN $",TOTAL,NOT SPECIFIED,"10,720,000",
SURVEY,2020,YEAR,,STATE,NEBRASKA,31,,,,,,,0,,WHEAT,"WHEAT - PRODUCTION, MEASURED IN $",TOTAL,NOT SPECIFIED,"156,538,000",
SURVEY,2020,YEAR,,STATE,NEVADA,32,,,,,,,0,,HAY & HAYLAGE,"HAY & HAYLAGE - PRODUCTION, MEASURED IN $",TOTAL,NOT SPECIFIED,"209,885,000",
SURVEY,2020,YEAR,,STATE,NEW HAMPSHIRE,33,,,,,,,0,,HAY & HAYLAGE,"HAY & HAYLAGE - PRODUCTION, MEASURED IN $",TOTAL,NOT SPECIFIED,"13,055,000",
SURVEY,2020,YEAR,,STATE,NEW JERSEY,34,,,,,,,0,,CORN,"CORN, GRAIN - PRODUCTION, MEASURED IN $",TOTAL,NOT SPECIFIED,"54,288,000",
SURVEY,2020,YEAR,,STATE,NEW JERSEY,34,,,,,,,0,,HAY & HAYLAGE,"HAY & HAYLAGE - PRODUCTION, MEASURED IN $",TOTAL,NOT SPECIFIED,"36,177,000",
SURVEY,2020,YEAR,,STATE,NEW JERSEY,34,,,,,,,0,,SOYBEANS,"SOYBEANS - PRODUCTION, MEASURED IN $",TOTAL,NOT SPECIFIED,"42,780,000",
SURVEY,2020,YEAR,,STATE,NEW JERSEY,34,,,,,,,0,,WHEAT,"WHEAT - PRODUCTION, MEASURED IN $",TOTAL,NOT SPECIFIED,"6,633,000",
SURVEY,2020,YEAR,,STATE,NEW MEXICO,35,,,,,,,0,,CORN,"CORN, GRAIN - PRODUCTION, MEASURED IN $",TOTAL,NOT SPECIFIED,"28,139,000",
SURVEY,2020,YEAR,,STATE,NEW MEXICO,35,,,,,,,0,,HAY & HAYLAGE,"HAY & HAYLAGE - PRODUCTION, MEASURED IN $",TOTAL,NOT SPECIFIED,"175,568,000",
SURVEY,2020,YEAR,,STATE,NEW MEXICO,35,,,,,,,0,,PEANUTS,"PEANUTS - PRODUCTION, MEASURED IN $",TOTAL,NOT SPECIFIED,"4,723,000",
SURVEY,2020,YEAR,,STATE,NEW MEXICO,35,,,,,,,0,,WHEAT,"WHEAT - PRODUCTION, MEASURED IN $",TOTAL,NOT SPECIFIED,"14,973,000",
SURVEY,2020,YEAR,,STATE,NEW YORK,36,,,,,,,0,,BARLEY,"BARLEY - PRODUCTION, MEASURED IN $",TOTAL,NOT SPECIFIED,"1,125,000",
SURVEY,2020,YEAR,,STATE,NEW YORK,36,,,,,,,0,,CORN,"CORN, GRAIN - PRODUCTION, MEASURED IN $",TOTAL,NOT SPECIFIED,"384,336,000",
SURVEY,2020,YEAR,,STATE,NEW YORK,36,,,,,,,0,,HAY & HAYLAGE,"HAY & HAYLAGE - PRODUCTION, MEASURED IN $",TOTAL,NOT SPECIFIED,"628,679,000",
SURVEY,2020,YEAR,,STATE,NEW YORK,36,,,,,,,0,,OATS,"OATS - PRODUCTION, MEASURED IN $",TOTAL,NOT SPECIFIED,"5,851,000",
SURVEY,2020,YEAR,,STATE,NEW YORK,36,,,,,,,0,,SOYBEANS,"SOYBEANS - PRODUCTION, MEASURED IN $",TOTAL,NOT SPECIFIED,"160,711,000",
SURVEY,2020,YEAR,,STATE,NEW YORK,36,,,,,,,0,,WHEAT,"WHEAT - PRODUCTION, MEASURED IN $",TOTAL,NOT SPECIFIED,"41,580,000",
SURVEY,2020,YEAR,,STATE,NORTH CAROLINA,37,,,,,,,0,,BARLEY,"BARLEY - PRODUCTION, MEASURED IN $",TOTAL,NOT SPECIFIED,"1,817,000",
SURVEY,2020,YEAR,,STATE,NORTH CAROLINA,37,,,,,,,0,,CORN,"CORN, GRAIN - PRODUCTION, MEASURED IN $",TOTAL,NOT SPECIFIED,"483,075,000",
SURVEY,2020,YEAR,,STATE,NORTH CAROLINA,37,,,,,,,0,,HAY & HAYLAGE,"HAY & HAYLAGE - PRODUCTION, MEASURED IN $",TOTAL,NOT SPECIFIED,"188,310,000",
SURVEY,2020,YEAR,,STATE,NORTH CAROLINA,37,,,,,,,0,,OATS,"OATS - PRODUCTION, MEASURED IN $",TOTAL,NOT SPECIFIED,"2,412,000",
SURVEY,2020,YEAR,,STATE,NORTH CAROLINA,37,,,,,,,0,,PEANUTS,"PEANUTS - PRODUCTION, MEASURED IN $",TOTAL,NOT SPECIFIED,"92,432,000",
SURVEY,2020,YEAR,,STATE,NORTH CAROLINA,37,,,,,,,0,,SOYBEANS,"SOYBEANS - PRODUCTION, MEASURED IN $",TOTAL,NOT SPECIFIED,"673,844,000",
SURVEY,2020,YEAR,,STATE,NORTH CAROLINA,37,,,,,,,0,,TOBACCO,"TOBACCO - PRODUCTION, MEASURED IN $",TOTAL,NOT SPECIFIED,"362,778,000",
SURVEY,2020,YEAR,,STATE,NORTH CAROLINA,37,,,,,,,0,,WHEAT,"WHEAT - PRODUCTION, MEASURED IN $",TOTAL,NOT SPECIFIED,"99,750,000",
SURVEY,2020,YEAR,,STATE,NORTH DAKOTA,38,,,,,,,0,,BARLEY,"BARLEY - PRODUCTION, MEASURED IN $",TOTAL,NOT SPECIFIED,"127,512,000",
SURVEY,2020,YEAR,,STATE,NORTH DAKOTA,38,,,,,,,0,,BEANS,"BEANS, DRY EDIBLE, (EXCL CHICKPEAS) - PRODUCTION, MEASURED IN $",TOTAL,NOT SPECIFIED,"337,762,000",
SURVEY,2020,YEAR,,STATE,NORTH DAKOTA,38,,,,,,,0,,CANOLA,"CANOLA - PRODUCTION, MEASURED IN $",TOTAL,NOT SPECIFIED,"508,150,000",
SURVEY,2020,YEAR,,STATE,NORTH DAKOTA,38,,,,,,,0,,CHICKPEAS,"CHICKPEAS - PRODUCTION, MEASURED IN $",TOTAL,NOT SPECIFIED, (D),
SURVEY,2020,YEAR,,STATE,NORTH DAKOTA,38,,,,,,,0,,CORN,"CORN, GRAIN - PRODUCTION, MEASURED IN $",TOTAL,NOT SPECIFIED,"1,051,535,000",
SURVEY,2020,YEAR,,STATE,NORTH DAKOTA,38,,,,,,,0,,FLAXSEED,"FLAXSEED - PRODUCTION, MEASURED IN $",TOTAL,NOT SPECIFIED,"41,962,000",
SURVEY,2020,YEAR,,STATE,NORTH DAKOTA,38,,,,,,,0,,HAY & HAYLAGE,"HAY & HAYLAGE - PRODUCTION, MEASURED IN $",TOTAL,NOT SPECIFIED,"281,366,000",
SURVEY,2020,YEAR,,STATE,NORTH DAKOTA,38,,,,,,,0,,LENTILS,"LENTILS - PRODUCTION, MEASURED IN $",TOTAL,NOT SPECIFIED,"19,051,000",
SURVEY,2020,YEAR,,STATE,NORTH DAKOTA,38,,,,,,,0,,OATS,"OATS - PRODUCTION, MEASURED IN $",TOTAL,NOT SPECIFIED,"20,066,000",
SURVEY,2020,YEAR,,STATE,NORTH DAKOTA,38,,,,,,,0,,PEAS,"PEAS, DRY EDIBLE - PRODUCTION, MEASURED IN $",TOTAL,NOT SPECIFIED,"70,434,000",
SURVEY,2020,YEAR,,STATE,NORTH DAKOTA,38,,,,,,,0,,RYE,"RYE - PRODUCTION, MEASURED IN $",TOTAL,NOT SPECIFIED,"8,690,000",
SURVEY,2020,YEAR,,STATE,NORTH DAKOTA,38,,,,,,,0,,SOYBEANS,"SOYBEANS - PRODUCTION, MEASURED IN $",TOTAL,NOT SPECIFIED,"2,043,165,000",
SURVEY,2020,YEAR,,STATE,NORTH DAKOTA,38,,,,,,,0,,SUNFLOWER,"SUNFLOWER - PRODUCTION, MEASURED IN $",TOTAL,NOT SPECIFIED,"263,745,000",
SURVEY,2020,YEAR,,STATE,NORTH DAKOTA,38,,,,,,,0,,WHEAT,"WHEAT - PRODUCTION, MEASURED IN $",TOTAL,NOT SPECIFIED,"1,599,919,000",
SURVEY,2020,YEAR,,STATE,OHIO,39,,,,,,,0,,CORN,"CORN, GRAIN - PRODUCTION, MEASURED IN $",TOTAL,NOT SPECIFIED,"2,539,350,000",
SURVEY,2020,YEAR,,STATE,OHIO,39,,,,,,,0,,HAY & HAYLAGE,"HAY & HAYLAGE - PRODUCTION, MEASURED IN $",TOTAL,NOT SPECIFIED,"406,054,000",
SURVEY,2020,YEAR,,STATE,OHIO,39,,,,,,,0,,OATS,"OATS - PRODUCTION, MEASURED IN $",TOTAL,NOT SPECIFIED,"3,240,000",
SURVEY,2020,YEAR,,STATE,OHIO,39,,,,,,,0,,SOYBEANS,"SOYBEANS - PRODUCTION, MEASURED IN $",TOTAL,NOT SPECIFIED,"3,050,568,000",
SURVEY,2020,YEAR,,STATE,OHIO,39,,,,,,,0,,WHEAT,"WHEAT - PRODUCTION, MEASURED IN $",TOTAL,NOT SPECIFIED,"186,127,000",
SURVEY,2020,YEAR,,STATE,OKLAHOMA,40,,,,,,,0,,CANOLA,"CANOLA - PRODUCTION, MEASURED IN $",TOTAL,NOT SPECIFIED,"1,383,000",
SURVEY,2020,YEAR,,STATE,OKLAHOMA,40,,,,,,,0,,CORN,"CORN, GRAIN - PRODUCTION, MEASURED IN $",TOTAL,NOT SPECIFIED,"177,120,000",
SURVEY,2020,YEAR,,STATE,OKLAHOMA,40,,,,,,,0,,HAY & HAYLAGE,"HAY & HAYLAGE - PRODUCTION, MEASURED IN $",TOTAL,NOT SPECIFIED,"590,220,000",
SURVEY,2020,YEAR,,STATE,OKLAHOMA,40,,,,,,,0,,OATS,"OATS - PRODUCTION, MEASURED IN $",TOTAL,NOT SPECIFIED,"1,733,000",
SURVEY,2020,YEAR,,STATE,OKLAHOMA,40,,,,,,,0,,PEANUTS,"PEANUTS - PRODUCTION, MEASURED IN $",TOTAL,NOT SPECIFIED,"12,642,000",
SURVEY,2020,YEAR,,STATE,OKLAHOMA,40,,,,,,,0,,RYE,"RYE - PRODUCTION, MEASURED IN $",TOTAL,NOT SPECIFIED,"5,496,000",
SURVEY,2020,YEAR,,STATE,OKLAHOMA,40,,,,,,,0,,SORGHUM,"SORGHUM, GRAIN - PRODUCTION, MEASURED IN $",TOTAL,NOT SPECIFIED,"51,005,000",
SURVEY,2020,YEAR,,STATE,OKLAHOMA,40,,,,,,,0,,SOYBEANS,"SOYBEANS - PRODUCTION, MEASURED IN $",TOTAL,NOT SPECIFIED,"163,620,000",
SURVEY,2020,YEAR,,STATE,OKLAHOMA,40,,,,,,,0,,WHEAT,"WHEAT - PRODUCTION, MEASURED IN $",TOTAL,NOT SPECIFIED,"478,400,000",
SURVEY,2020,YEAR,,STATE,OREGON,41,,,,,,,0,,BARLEY,"BARLEY - PRODUCTION, MEASURED IN $",TOTAL,NOT SPECIFIED,"6,210,000",
SURVEY,2020,YEAR,,STATE,OREGON,41,,,,,,,0,,CORN,"CORN, GRAIN - PRODUCTION, MEASURED IN $",TOTAL,NOT SPECIFIED,"77,542,000",
SURVEY,2020,YEAR,,STATE,OREGON,41,,,,,,,0,,HAY & HAYLAGE,"HAY & HAYLAGE - PRODUCTION, MEASURED IN $",TOTAL,NOT SPECIFIED,"569,496,000",
SURVEY,2020,YEAR,,STATE,OREGON,41,,,,,,,0,,HOPS,"HOPS - PRODUCTION, MEASURED IN $",TOTAL,NOT SPECIFIED,"74,812,000",
SURVEY,2020,YEAR,,STATE,OREGON,41,,,,,,,0,,MINT,"MINT, PEPPERMINT, OIL - PRODUCTION, MEASURED IN $",TOTAL,NOT SPECIFIED,"34,042,000",
SURVEY,2020,YEAR,,STATE,OREGON,41,,,,,,,0,,OATS,"OATS - PRODUCTION, MEASURED IN $",TOTAL,NOT SPECIFIED,"2,380,000",
SURVEY,2020,YEAR,,STATE,OREGON,41,,,,,,,0,,WHEAT,"WHEAT - PRODUCTION, MEASURED IN $",TOTAL,NOT SPECIFIED,"294,640,000",
SURVEY,2020,YEAR,,STATE,OTHER STATES,,,,,,,,0,,BEANS,"BEANS, DRY EDIBLE, (EXCL CHICKPEAS) - PRODUCTION, MEASURED IN $",TOTAL,NOT SPECIFIED,0,
SURVEY,2020,YEAR,,STATE,OTHER STATES,,,,,,,,0,,CANOLA,"CANOLA - PRODUCTION, MEASURED IN $",TOTAL,NOT SPECIFIED,0,
SURVEY,2020,YEAR,,STATE,OTHER STATES,,,,,,,,0,,CHICKPEAS,"CHICKPEAS - PRODUCTION, MEASURED IN $",TOTAL,NOT SPECIFIED,"9,056,000",
SURVEY,2020,YEAR,,STATE,OTHER STATES,,,,,,,,0,,MINT,"MINT, PEPPERMINT, OIL - PRODUCTION, MEASURED IN $",TOTAL,NOT SPECIFIED,"25,668,000",
SURVEY,2020,YEAR,,STATE,OTHER STATES,,,,,,,,0,,OATS,"OATS - PRODUCTION, MEASURED IN $",TOTAL,NOT SPECIFIED,0,
SURVEY,2020,YEAR,,STATE,OTHER STATES,,,,,,,,0,,PEANUTS,"PEANUTS - PRODUCTION, MEASURED IN $",TOTAL,NOT SPECIFIED,0,
SURVEY,2020,YEAR,,STATE,OTHER STATES,,,,,,,,0,,PEAS,"PEAS, DRY EDIBLE - PRODUCTION, MEASURED IN $",TOTAL,NOT SPECIFIED,"7,259,000",
SURVEY,2020,YEAR,,STATE,OTHER STATES,,,,,,,,0,,RICE,"RICE - PRODUCTION, MEASURED IN $",TOTAL,NOT SPECIFIED,0,
SURVEY,2020,YEAR,,STATE,OTHER STATES,,,,,,,,0,,RYE,"RYE - PRODUCTION, MEASURED IN $",TOTAL,NOT SPECIFIED,"27,889,000",
SURVEY,2020,YEAR,,STATE,OTHER STATES,,,,,,,,0,,SORGHUM,"SORGHUM, GRAIN - PRODUCTION, MEASURED IN $",TOTAL,NOT SPECIFIED,0,
SURVEY,2020,YEAR,,STATE,OTHER STATES,,,,,,,,0,,SOYBEANS,"SOYBEANS - PRODUCTION, MEASURED IN $",TOTAL,NOT SPECIFIED,0,
SURVEY,2020,YEAR,,STATE,OTHER STATES,,,,,,,,0,,SUNFLOWER,"SUNFLOWER - PRODUCTION, MEASURED IN $",TOTAL,NOT SPECIFIED,0,
SURVEY,2020,YEAR,,STATE,PENNSYLVANIA,42,,,,,,,0,,BARLEY,"BARLEY - PRODUCTION, MEASURED IN $",TOTAL,NOT SPECIFIED,"8,094,000",
SURVEY,2020,YEAR,,STATE,PENNSYLVANIA,42,,,,,,,0,,CORN,"CORN, GRAIN - PRODUCTION, MEASURED IN $",TOTAL,NOT SPECIFIED,"696,900,000",
SURVEY,2020,YEAR,,STATE,PENNSYLVANIA,42,,,,,,,0,,HAY & HAYLAGE,"HAY & HAYLAGE - PRODUCTION, MEASURED IN $",TOTAL,NOT SPECIFIED,"881,532,000",
SURVEY,2020,YEAR,,STATE,PENNSYLVANIA,42,,,,,,,0,,OATS,"OATS - PRODUCTION, MEASURED IN $",TOTAL,NOT SPECIFIED,"10,863,000",
SURVEY,2020,YEAR,,STATE,PENNSYLVANIA,42,,,,,,,0,,RYE,"RYE - PRODUCTION, MEASURED IN $",TOTAL,NOT SPECIFIED,"11,232,000",
SURVEY,2020,YEAR,,STATE,PENNSYLVANIA,42,,,,,,,0,,SOYBEANS,"SOYBEANS - PRODUCTION, MEASURED IN $",TOTAL,NOT SPECIFIED,"289,800,000",
SURVEY,2020,YEAR,,STATE,PENNSYLVANIA,42,,,,,,,0,,TOBACCO,"TOBACCO - PRODUCTION, MEASURED IN $",TOTAL,NOT SPECIFIED,"31,411,000",
SURVEY,2020,YEAR,,STATE,PENNSYLVANIA,42,,,,,,,0,,WHEAT,"WHEAT - PRODUCTION, MEASURED IN $",TOTAL,NOT SPECIFIED,"74,870,000",
SURVEY,2020,YEAR,,STATE,RHODE ISLAND,44,,,,,,,0,,HAY & HAYLAGE,"HAY & HAYLAGE - PRODUCTION, MEASURED IN $",TOTAL,NOT SPECIFIED,"1,420,000",
SURVEY,2020,YEAR,,STATE,SOUTH CAROLINA,45,,,,,,,0,,CORN,"CORN, GRAIN - PRODUCTION, MEASURED IN $",TOTAL,NOT SPECIFIED,"218,196,000",
SURVEY,2020,YEAR,,STATE,SOUTH CAROLINA,45,,,,,,,0,,HAY & HAYLAGE,"HAY & HAYLAGE - PRODUCTION, MEASURED IN $",TOTAL,NOT SPECIFIED,"98,208,000",
SURVEY,2020,YEAR,,STATE,SOUTH CAROLINA,45,,,,,,,0,,PEANUTS,"PEANUTS - PRODUCTION, MEASURED IN $",TOTAL,NOT SPECIFIED,"58,269,000",
SURVEY,2020,YEAR,,STATE,SOUTH CAROLINA,45,,,,,,,0,,SOYBEANS,"SOYBEANS - PRODUCTION, MEASURED IN $",TOTAL,NOT SPECIFIED,"113,400,000",
SURVEY,2020,YEAR,,STATE,SOUTH CAROLINA,45,,,,,,,0,,TOBACCO,"TOBACCO - PRODUCTION, MEASURED IN $",TOTAL,NOT SPECIFIED,"16,044,000",
SURVEY,2020,YEAR,,STATE,SOUTH CAROLINA,45,,,,,,,0,,WHEAT,"WHEAT - PRODUCTION, MEASURED IN $",TOTAL,NOT SPECIFIED,"23,014,000",
SURVEY,2020,YEAR,,STATE,SOUTH DAKOTA,46,,,,,,,0,,BARLEY,"BARLEY - PRODUCTION, MEASURED IN $",TOTAL,NOT SPECIFIED,"2,649,000",
SURVEY,2020,YEAR,,STATE,SOUTH DAKOTA,46,,,,,,,0,,CORN,"CORN, GRAIN - PRODUCTION, MEASURED IN $",TOTAL,NOT SPECIFIED,"2,952,450,000",
SURVEY,2020,YEAR,,STATE,SOUTH DAKOTA,46,,,,,,,0,,HAY & HAYLAGE,"HAY & HAYLAGE - PRODUCTION, MEASURED IN $",TOTAL,NOT SPECIFIED,"533,842,000",
SURVEY,2020,YEAR,,STATE,SOUTH DAKOTA,46,,,,,,,0,,MILLET,"MILLET, PROSO - PRODUCTION, MEASURED IN $",TOTAL,NOT SPECIFIED,"16,413,000",
SURVEY,2020,YEAR,,STATE,SOUTH DAKOTA,46,,,,,,,0,,OATS,"OATS - PRODUCTION, MEASURED IN $",TOTAL,NOT SPECIFIED,"27,489,000",
SURVEY,2020,YEAR,,STATE,SOUTH DAKOTA,46,,,,,,,0,,PEAS,"PEAS, DRY EDIBLE - PRODUCTION, MEASURED IN $",TOTAL,NOT SPECIFIED, (D),
SURVEY,2020,YEAR,,STATE,SOUTH DAKOTA,46,,,,,,,0,,SAFFLOWER,"SAFFLOWER - PRODUCTION, MEASURED IN $",TOTAL,NOT SPECIFIED,"3,544,000",
SURVEY,2020,YEAR,,STATE,SOUTH DAKOTA,46,,,,,,,0,,SORGHUM,"SORGHUM, GRAIN - PRODUCTION, MEASURED IN $",TOTAL,NOT SPECIFIED,"48,030,000",
SURVEY,2020,YEAR,,STATE,SOUTH DAKOTA,46,,,,,,,0,,SOYBEANS,"SOYBEANS - PRODUCTION, MEASURED IN $",TOTAL,NOT SPECIFIED,"2,372,916,000",
SURVEY,2020,YEAR,,STATE,SOUTH DAKOTA,46,,,,,,,0,,SUNFLOWER,"SUNFLOWER - PRODUCTION, MEASURED IN $",TOTAL,NOT SPECIFIED,"220,227,000",
SURVEY,2020,YEAR,,STATE,SOUTH DAKOTA,46,,,,,,,0,,WHEAT,"WHEAT - PRODUCTION, MEASURED IN $",TOTAL,NOT SPECIFIED,"347,426,000",
SURVEY,2020,YEAR,,STATE,TENNESSEE,47,,,,,,,0,,CORN,"CORN, GRAIN - PRODUCTION, MEASURED IN $",TOTAL,NOT SPECIFIED,"617,100,000",
SURVEY,2020,YEAR,,STATE,TENNESSEE,47,,,,,,,0,,HAY & HAYLAGE,"HAY & HAYLAGE - PRODUCTION, MEASURED IN $",TOTAL,NOT SPECIFIED,"483,574,000",
SURVEY,2020,YEAR,,STATE,TENNESSEE,47,,,,,,,0,,SOYBEANS,"SOYBEANS - PRODUCTION, MEASURED IN $",TOTAL,NOT SPECIFIED,"923,400,000",
SURVEY,2020,YEAR,,STATE,TENNESSEE,47,,,,,,,0,,TOBACCO,"TOBACCO - PRODUCTION, MEASURED IN $",TOTAL,NOT SPECIFIED,"76,536,000",
SURVEY,2020,YEAR,,STATE,TENNESSEE,47,,,,,,,0,,WHEAT,"WHEAT - PRODUCTION, MEASURED IN $",TOTAL,NOT SPECIFIED,"73,957,000",
SURVEY,2020,YEAR,,STATE,TEXAS,48,,,,,,,0,,CORN,"CORN, GRAIN - PRODUCTION, MEASURED IN $",TOTAL,NOT SPECIFIED,"1,019,392,000",
SURVEY,2020,YEAR,,STATE,TEXAS,48,,,,,,,0,,HAY & HAYLAGE,"HAY & HAYLAGE - PRODUCTION, MEASURED IN $",TOTAL,NOT SPECIFIED,"1,459,600,000",
SURVEY,2020,YEAR,,STATE,TEXAS,48,,,,,,,0,,OATS,"OATS - PRODUCTION, MEASURED IN $",TOTAL,NOT SPECIFIED,"11,070,000",
SURVEY,2020,YEAR,,STATE,TEXAS,48,,,,,,,0,,PEANUTS,"PEANUTS - PRODUCTION, MEASURED IN $",TOTAL,NOT SPECIFIED,"128,870,000",
SURVEY,2020,YEAR,,STATE,TEXAS,48,,,,,,,0,,RICE,"RICE - PRODUCTION, MEASURED IN $",TOTAL,NOT SPECIFIED,"195,600,000",
SURVEY,2020,YEAR,,STATE,TEXAS,48,,,,,,,0,,SORGHUM,"SORGHUM, GRAIN - PRODUCTION, MEASURED IN $",TOTAL,NOT SPECIFIED,"391,608,000",
SURVEY,2020,YEAR,,STATE,TEXAS,48,,,,,,,0,,SOYBEANS,"SOYBEANS - PRODUCTION, MEASURED IN $",TOTAL,NOT SPECIFIED,"33,473,000",
SURVEY,2020,YEAR,,STATE,TEXAS,48,,,,,,,0,,SUNFLOWER,"SUNFLOWER - PRODUCTION, MEASURED IN $",TOTAL,NOT SPECIFIED,"18,329,000",
SURVEY,2020,YEAR,,STATE,TEXAS,48,,,,,,,0,,WHEAT,"WHEAT - PRODUCTION, MEASURED IN $",TOTAL,NOT SPECIFIED,"313,650,000",
SURVEY,2020,YEAR,,STATE,UTAH,49,,,,,,,0,,BARLEY,"BARLEY - PRODUCTION, MEASURED IN $",TOTAL,NOT SPECIFIED,"3,358,000",
SURVEY,2020,YEAR,,STATE,UTAH,49,,,,,,,0,,CORN,"CORN, GRAIN - PRODUCTION, MEASURED IN $",TOTAL,NOT SPECIFIED,"22,864,000",
SURVEY,2020,YEAR,,STATE,UTAH,49,,,,,,,0,,HAY & HAYLAGE,"HAY & HAYLAGE - PRODUCTION, MEASURED IN $",TOTAL,NOT SPECIFIED,"440,200,000",
SURVEY,2020,YEAR,,STATE,UTAH,49,,,,,,,0,,SAFFLOWER,"SAFFLOWER - PRODUCTION, MEASURED IN $",TOTAL,NOT SPECIFIED,"3,428,000",
SURVEY,2020,YEAR,,STATE,UTAH,49,,,,,,,0,,WHEAT,"WHEAT - PRODUCTION, MEASURED IN $",TOTAL,NOT SPECIFIED,"29,866,000",
SURVEY,2020,YEAR,,STATE,VERMONT,50,,,,,,,0,,HAY & HAYLAGE,"HAY & HAYLAGE - PRODUCTION, MEASURED IN $",TOTAL,NOT SPECIFIED,"126,764,000",
SURVEY,2020,YEAR,,STATE,VIRGINIA,51,,,,,,,0,,BARLEY,"BARLEY - PRODUCTION, MEASURED IN $",TOTAL,NOT SPECIFIED,"1,235,000",
SURVEY,2020,YEAR,,STATE,VIRGINIA,51,,,,,,,0,,CORN,"CORN, GRAIN - PRODUCTION, MEASURED IN $",TOTAL,NOT SPECIFIED,"210,084,000",
SURVEY,2020,YEAR,,STATE,VIRGINIA,51,,,,,,,0,,HAY & HAYLAGE,"HAY & HAYLAGE - PRODUCTION, MEASURED IN $",TOTAL,NOT SPECIFIED,"354,377,000",
SURVEY,2020,YEAR,,STATE,VIRGINIA,51,,,,,,,0,,PEANUTS,"PEANUTS - PRODUCTION, MEASURED IN $",TOTAL,NOT SPECIFIED,"24,133,000",
SURVEY,2020,YEAR,,STATE,VIRGINIA,51,,,,,,,0,,SOYBEANS,"SOYBEANS - PRODUCTION, MEASURED IN $",TOTAL,NOT SPECIFIED,"246,960,000",
SURVEY,2020,YEAR,,STATE,VIRGINIA,51,,,,,,,0,,TOBACCO,"TOBACCO - PRODUCTION, MEASURED IN $",TOTAL,NOT SPECIFIED,"56,106,000",
SURVEY,2020,YEAR,,STATE,VIRGINIA,51,,,,,,,0,,WHEAT,"WHEAT - PRODUCTION, MEASURED IN $",TOTAL,NOT SPECIFIED,"41,340,000",
SURVEY,2020,YEAR,,STATE,WASHINGTON,53,,,,,,,0,,BARLEY,"BARLEY - PRODUCTION, MEASURED IN $",TOTAL,NOT SPECIFIED,"31,311,000",
SURVEY,2020,YEAR,,STATE,WASHINGTON,53,,,,,,,0,,BEANS,"BEANS, DRY EDIBLE, (EXCL CHICKPEAS) - PRODUCTION, MEASURED IN $",TOTAL,NOT SPECIFIED,"38,976,000",
SURVEY,2020,YEAR,,STATE,WASHINGTON,53,,,,,,,0,,CANOLA,"CANOLA - PRODUCTION, MEASURED IN $",TOTAL,NOT SPECIFIED,"40,040,000",
SURVEY,2020,YEAR,,STATE,WASHINGTON,53,,,,,,,0,,CHICKPEAS,"CHICKPEAS - PRODUCTION, MEASURED IN $",TOTAL,NOT SPECIFIED,"25,096,000",
SURVEY,2020,YEAR,,STATE,WASHINGTON,53,,,,,,,0,,CORN,"CORN, GRAIN - PRODUCTION, MEASURED IN $",TOTAL,NOT SPECIFIED,"81,168,000",
SURVEY,2020,YEAR,,STATE,WASHINGTON,53,,,,,,,0,,HAY & HAYLAGE,"HAY & HAYLAGE - PRODUCTION, MEASURED IN $",TOTAL,NOT SPECIFIED,"591,215,000",
SURVEY,2020,YEAR,,STATE,WASHINGTON,53,,,,,,,0,,HOPS,"HOPS - PRODUCTION, MEASURED IN $",TOTAL,NOT SPECIFIED,"444,909,000",
SURVEY,2020,YEAR,,STATE,WASHINGTON,53,,,,,,,0,,LENTILS,"LENTILS - PRODUCTION, MEASURED IN $",TOTAL,NOT SPECIFIED,"11,876,000",
SURVEY,2020,YEAR,,STATE,WASHINGTON,53,,,,,,,0,,MINT,"MINT, PEPPERMINT, OIL - PRODUCTION, MEASURED IN $",TOTAL,NOT SPECIFIED, (D),
SURVEY,2020,YEAR,,STATE,WASHINGTON,53,,,,,,,0,,PEAS,"PEAS, DRY EDIBLE - PRODUCTION, MEASURED IN $",TOTAL,NOT SPECIFIED,"25,740,000",
SURVEY,2020,YEAR,,STATE,WASHINGTON,53,,,,,,,0,,WHEAT,"WHEAT - PRODUCTION, MEASURED IN $",TOTAL,NOT SPECIFIED,"942,365,000",
SURVEY,2020,YEAR,,STATE,WEST VIRGINIA,54,,,,,,,0,,CORN,"CORN, GRAIN - PRODUCTION, MEASURED IN $",TOTAL,NOT SPECIFIED,"22,435,000",
SURVEY,2020,YEAR,,STATE,WEST VIRGINIA,54,,,,,,,0,,HAY & HAYLAGE,"HAY & HAYLAGE - PRODUCTION, MEASURED IN $",TOTAL,NOT SPECIFIED,"123,195,000",
SURVEY,2020,YEAR,,STATE,WISCONSIN,55,,,,,,,0,,BARLEY,"BARLEY - PRODUCTION, MEASURED IN $",TOTAL,NOT SPECIFIED,"2,063,000",
SURVEY,2020,YEAR,,STATE,WISCONSIN,55,,,,,,,0,,CORN,"CORN, GRAIN - PRODUCTION, MEASURED IN $",TOTAL,NOT SPECIFIED,"2,144,637,000",
SURVEY,2020,YEAR,,STATE,WISCONSIN,55,,,,,,,0,,HAY & HAYLAGE,"HAY & HAYLAGE - PRODUCTION, MEASURED IN $",TOTAL,NOT SPECIFIED,"1,148,667,000",
SURVEY,2020,YEAR,,STATE,WISCONSIN,55,,,,,,,0,,OATS,"OATS - PRODUCTION, MEASURED IN $",TOTAL,NOT SPECIFIED,"20,633,000",
SURVEY,2020,YEAR,,STATE,WISCONSIN,55,,,,,,,0,,RYE,"RYE - PRODUCTION, MEASURED IN $",TOTAL,NOT SPECIFIED,"4,200,000",
SURVEY,2020,YEAR,,STATE,WISCONSIN,55,,,,,,,0,,SOYBEANS,"SOYBEANS - PRODUCTION, MEASURED IN $",TOTAL,NOT SPECIFIED,"1,075,029,000",
SURVEY,2020,YEAR,,STATE,WISCONSIN,55,,,,,,,0,,WHEAT,"WHEAT - PRODUCTION, MEASURED IN $",TOTAL,NOT SPECIFIED,"40,538,000",
SURVEY,2020,YEAR,,STATE,WYOMING,56,,,,,,,0,,BARLEY,"BARLEY - PRODUCTION, MEASURED IN $",TOTAL,NOT SPECIFIED,"29,462,000",
SURVEY,2020,YEAR,,STATE,WYOMING,56,,,,,,,0,,BEANS,"BEANS, DRY EDIBLE, (EXCL CHICKPEAS) - PRODUCTION, MEASURED IN $",TOTAL,NOT SPECIFIED,"16,421,000",
SURVEY,2020,YEAR,,STATE,WYOMING,56,,,,,,,0,,CORN,"CORN, GRAIN - PRODUCTION, MEASURED IN $",TOTAL,NOT SPECIFIED,"26,023,000",
SURVEY,2020,YEAR,,STATE,WYOMING,56,,,,,,,0,,HAY & HAYLAGE,"HAY & HAYLAGE - PRODUCTION, MEASURED IN $",TOTAL,NOT SPECIFIED,"449,816,000",
SURVEY,2020,YEAR,,STATE,WYOMING,56,,,,,,,0,,WHEAT,"WHEAT - PRODUCTION, MEASURED IN $",TOTAL,NOT SPECIFIED,"10,647,000",
