Year,State,Commodity,Data Item,Value
,,,,
2021,ALABAMA,FIELD CROP TOTALS,"FIELD CROP TOTALS, PRINCIPAL, INCL POTATOES - ACRES PLANTED","2,190,000"
2021,ALASKA,FIELD CROP TOTALS,"FIELD CROP TOTALS, PRINCIPAL, INCL POTATOES - ACRES PLANTED","29,000"
2021,ARIZONA,FIELD CROP TOTALS,"FIELD CROP TOTALS, PRINCIPAL, INCL POTATOES - ACRES PLANTED","571,000"
2021,ARKANSAS,FIELD CROP TOTALS,"FIELD CROP TOTALS, PRINCIPAL, INCL POTATOES - ACRES PLANTED","6,986,000"
2021,CALIFORNIA,FIELD CROP TOTALS,"FIELD CROP TOTALS, PRINCIPAL, INCL POTATOES - ACRES PLANTED","2,529,000"
2021,COLORADO,FIELD CROP TOTALS,"FIELD CROP TOTALS, PRINCIPAL, INCL POTATOES - ACRES PLANTED","5,731,000"
2021,CONNECTICUT,FIELD CROP TOTALS,"FIELD CROP TOTALS, PRINCIPAL, INCL POTATOES - ACRES PLANTED","71,000"
2021,DELAWARE,FIELD CROP TOTALS,"FIELD CROP TOTALS, PRINCIPAL, INCL POTATOES - ACRES PLANTED","430,000"
2021,FLORIDA,FIELD CROP TOTALS,"FIELD CROP TOTALS, PRINCIPAL, INCL POTATOES - ACRES PLANTED","1,115,000"
2021,GEORGIA,FIELD CROP TOTALS,"FIELD CROP TOTALS, PRINCIPAL, INCL POTATOES - ACRES PLANTED","3,427,000"
2021,IDAHO,FIELD CROP TOTALS,"FIELD CROP TOTALS, PRINCIPAL, INCL POTATOES - ACRES PLANTED","4,147,000"
2021,ILLINOIS,FIELD CROP TOTALS,"FIELD CROP TOTALS, PRINCIPAL, INCL POTATOES - ACRES PLANTED","22,810,000"
2021,INDIANA,FIELD CROP TOTALS,"FIELD CROP TOTALS, PRINCIPAL, INCL POTATOES - ACRES PLANTED","11,900,000"
2021,IOWA,FIELD CROP TOTALS,"FIELD CROP TOTALS, PRINCIPAL, INCL POTATOES - ACRES PLANTED","24,300,000"
2021,KANSAS,FIELD CROP TOTALS,"FIELD CROP TOTALS, PRINCIPAL, INCL POTATOES - ACRES PLANTED","24,332,000"
2021,KENTUCKY,FIELD CROP TOTALS,"FIELD CROP TOTALS, PRINCIPAL, INCL POTATOES - ACRES PLANTED","6,131,000"
2021,LOUISIANA,FIELD CROP TOTALS,"FIELD CROP TOTALS, PRINCIPAL, INCL POTATOES - ACRES PLANTED","3,153,000"
2021,MAINE,FIELD CROP TOTALS,"FIELD CROP TOTALS, PRINCIPAL, INCL POTATOES - ACRES PLANTED","220,000"
2021,MARYLAND,FIELD CROP TOTALS,"FIELD CROP TOTALS, PRINCIPAL, INCL POTATOES - ACRES PLANTED","1,525,000"
2021,MASSACHUSETTS,FIELD CROP TOTALS,"FIELD CROP TOTALS, PRINCIPAL, INCL POTATOES - ACRES PLANTED","82,000"
2021,MICHIGAN,FIELD CROP TOTALS,"FIELD CROP TOTALS, PRINCIPAL, INCL POTATOES - ACRES PLANTED","6,383,000"
2021,MINNESOTA,FIELD CROP TOTALS,"FIELD CROP TOTALS, PRINCIPAL, INCL POTATOES - ACRES PLANTED","19,381,000"
2021,MISSISSIPPI,FIELD CROP TOTALS,"FIELD CROP TOTALS, PRINCIPAL, INCL POTATOES - ACRES PLANTED","4,175,000"
2021,MISSOURI,FIELD CROP TOTALS,"FIELD CROP TOTALS, PRINCIPAL, INCL POTATOES - ACRES PLANTED","13,713,000"
2021,MONTANA,FIELD CROP TOTALS,"FIELD CROP TOTALS, PRINCIPAL, INCL POTATOES - ACRES PLANTED","9,802,000"
2021,NEBRASKA,FIELD CROP TOTALS,"FIELD CROP TOTALS, PRINCIPAL, INCL POTATOES - ACRES PLANTED","19,803,000"
2021,NEVADA,FIELD CROP TOTALS,"FIELD CROP TOTALS, PRINCIPAL, INCL POTATOES - ACRES PLANTED","323,000"
2021,NEW HAMPSHIRE,FIELD CROP TOTALS,"FIELD CROP TOTALS, PRINCIPAL, INCL POTATOES - ACRES PLANTED","63,000"
2021,NEW JERSEY,FIELD CROP TOTALS,"FIELD CROP TOTALS, PRINCIPAL, INCL POTATOES - ACRES PLANTED","323,000"
2021,NEW MEXICO,FIELD CROP TOTALS,"FIELD CROP TOTALS, PRINCIPAL, INCL POTATOES - ACRES PLANTED","769,000"
2021,NEW YORK,FIELD CROP TOTALS,"FIELD CROP TOTALS, PRINCIPAL, INCL POTATOES - ACRES PLANTED","2,666,000"
2021,NORTH CAROLINA,FIELD CROP TOTALS,"FIELD CROP TOTALS, PRINCIPAL, INCL POTATOES - ACRES PLANTED","4,329,000"
2021,NORTH DAKOTA,FIELD CROP TOTALS,"FIELD CROP TOTALS, PRINCIPAL, INCL POTATOES - ACRES PLANTED","23,111,000"
2021,OHIO,FIELD CROP TOTALS,"FIELD CROP TOTALS, PRINCIPAL, INCL POTATOES - ACRES PLANTED","9,915,000"
2021,OKLAHOMA,FIELD CROP TOTALS,"FIELD CROP TOTALS, PRINCIPAL, INCL POTATOES - ACRES PLANTED","9,191,000"
2021,OREGON,FIELD CROP TOTALS,"FIELD CROP TOTALS, PRINCIPAL, INCL POTATOES - ACRES PLANTED","1,905,000"
2021,PENNSYLVANIA,FIELD CROP TOTALS,"FIELD CROP TOTALS, PRINCIPAL, INCL POTATOES - ACRES PLANTED","4,003,000"
2021,RHODE ISLAND,FIELD CROP TOTALS,"FIELD CROP TOTALS, PRINCIPAL, INCL POTATOES - ACRES PLANTED","7,000"
2021,SOUTH CAROLINA,FIELD CROP TOTALS,"FIELD CROP TOTALS, PRINCIPAL, INCL POTATOES - ACRES PLANTED","1,492,000"
2021,SOUTH DAKOTA,FIELD CROP TOTALS,"FIELD CROP TOTALS, PRINCIPAL, INCL POTATOES - ACRES PLANTED","16,812,000"
2021,TENNESSEE,FIELD CROP TOTALS,"FIELD CROP TOTALS, PRINCIPAL, INCL POTATOES - ACRES PLANTED","5,103,000"
2021,TEXAS,FIELD CROP TOTALS,"FIELD CROP TOTALS, PRINCIPAL, INCL POTATOES - ACRES PLANTED","22,159,000"
2021,UTAH,FIELD CROP TOTALS,"FIELD CROP TOTALS, PRINCIPAL, INCL POTATOES - ACRES PLANTED","901,000"
2021,VERMONT,FIELD CROP TOTALS,"FIELD CROP TOTALS, PRINCIPAL, INCL POTATOES - ACRES PLANTED","246,000"
2021,VIRGINIA,FIELD CROP TOTALS,"FIELD CROP TOTALS, PRINCIPAL, INCL POTATOES - ACRES PLANTED","2,505,000"
2021,WASHINGTON,FIELD CROP TOTALS,"FIELD CROP TOTALS, PRINCIPAL, INCL POTATOES - ACRES PLANTED","3,700,000"
2021,WEST VIRGINIA,FIELD CROP TOTALS,"FIELD CROP TOTALS, PRINCIPAL, INCL POTATOES - ACRES PLANTED","628,000"
2021,WISCONSIN,FIELD CROP TOTALS,"FIELD CROP TOTALS, PRINCIPAL, INCL POTATOES - ACRES PLANTED","8,363,000"
2021,WYOMING,FIELD CROP TOTALS,"FIELD CROP TOTALS, PRINCIPAL, INCL POTATOES - ACRES PLANTED","1,540,000"
,,,,
2020,ALABAMA,FIELD CROP TOTALS,"FIELD CROP TOTALS, PRINCIPAL, INCL POTATOES - ACRES PLANTED","2,130,000"
2020,ALASKA,FIELD CROP TOTALS,"FIELD CROP TOTALS, PRINCIPAL, INCL POTATOES - ACRES PLANTED","28,000"
2020,ARIZONA,FIELD CROP TOTALS,"FIELD CROP TOTALS, PRINCIPAL, INCL POTATOES - ACRES PLANTED","573,000"
2020,ARKANSAS,FIELD CROP TOTALS,"FIELD CROP TOTALS, PRINCIPAL, INCL POTATOES - ACRES PLANTED","6,891,000"
2020,CALIFORNIA,FIELD CROP TOTALS,"FIELD CROP TOTALS, PRINCIPAL, INCL POTATOES - ACRES PLANTED","2,621,000"
2020,COLORADO,FIELD CROP TOTALS,"FIELD CROP TOTALS, PRINCIPAL, INCL POTATOES - ACRES PLANTED","5,744,000"
2020,CONNECTICUT,FIELD CROP TOTALS,"FIELD CROP TOTALS, PRINCIPAL, INCL POTATOES - ACRES PLANTED","70,000"
2020,DELAWARE,FIELD CROP TOTALS,"FIELD CROP TOTALS, PRINCIPAL, INCL POTATOES - ACRES PLANTED","440,000"
2020,FLORIDA,FIELD CROP TOTALS,"FIELD CROP TOTALS, PRINCIPAL, INCL POTATOES - ACRES PLANTED","1,098,000"
2020,GEORGIA,FIELD CROP TOTALS,"FIELD CROP TOTALS, PRINCIPAL, INCL POTATOES - ACRES PLANTED","3,368,000"
2020,IDAHO,FIELD CROP TOTALS,"FIELD CROP TOTALS, PRINCIPAL, INCL POTATOES - ACRES PLANTED","4,111,000"
2020,ILLINOIS,FIELD CROP TOTALS,"FIELD CROP TOTALS, PRINCIPAL, INCL POTATOES - ACRES PLANTED","22,720,000"
2020,INDIANA,FIELD CROP TOTALS,"FIELD CROP TOTALS, PRINCIPAL, INCL POTATOES - ACRES PLANTED","11,900,000"
2020,IOWA,FIELD CROP TOTALS,"FIELD CROP TOTALS, PRINCIPAL, INCL POTATOES - ACRES PLANTED","24,330,000"
2020,KANSAS,FIELD CROP TOTALS,"FIELD CROP TOTALS, PRINCIPAL, INCL POTATOES - ACRES PLANTED","23,469,000"
2020,KENTUCKY,FIELD CROP TOTALS,"FIELD CROP TOTALS, PRINCIPAL, INCL POTATOES - ACRES PLANTED","6,096,000"
2020,LOUISIANA,FIELD CROP TOTALS,"FIELD CROP TOTALS, PRINCIPAL, INCL POTATOES - ACRES PLANTED","3,088,000"
2020,MAINE,FIELD CROP TOTALS,"FIELD CROP TOTALS, PRINCIPAL, INCL POTATOES - ACRES PLANTED","226,000"
2020,MARYLAND,FIELD CROP TOTALS,"FIELD CROP TOTALS, PRINCIPAL, INCL POTATOES - ACRES PLANTED","1,554,000"
2020,MASSACHUSETTS,FIELD CROP TOTALS,"FIELD CROP TOTALS, PRINCIPAL, INCL POTATOES - ACRES PLANTED","74,000"
2020,MICHIGAN,FIELD CROP TOTALS,"FIELD CROP TOTALS, PRINCIPAL, INCL POTATOES - ACRES PLANTED","6,366,000"
2020,MINNESOTA,FIELD CROP TOTALS,"FIELD CROP TOTALS, PRINCIPAL, INCL POTATOES - ACRES PLANTED","19,303,000"
2020,MISSISSIPPI,FIELD CROP TOTALS,"FIELD CROP TOTALS, PRINCIPAL, INCL POTATOES - ACRES PLANTED","4,009,000"
2020,MISSOURI,FIELD CROP TOTALS,"FIELD CROP TOTALS, PRINCIPAL, INCL POTATOES - ACRES PLANTED","13,408,000"
2020,MONTANA,FIELD CROP TOTALS,"FIELD CROP TOTALS, PRINCIPAL, INCL POTATOES - ACRES PLANTED","9,790,000"
2020,NEBRASKA,FIELD CROP TOTALS,"FIELD CROP TOTALS, PRINCIPAL, INCL POTATOES - ACRES PLANTED","19,780,000"
2020,NEVADA,FIELD CROP TOTALS,"FIELD CROP TOTALS, PRINCIPAL, INCL POTATOES - ACRES PLANTED","333,000"
2020,NEW HAMPSHIRE,FIELD CROP TOTALS,"FIELD CROP TOTALS, PRINCIPAL, INCL POTATOES - ACRES PLANTED","55,000"
2020,NEW JERSEY,FIELD CROP TOTALS,"FIELD CROP TOTALS, PRINCIPAL, INCL POTATOES - ACRES PLANTED","312,000"
2020,NEW MEXICO,FIELD CROP TOTALS,"FIELD CROP TOTALS, PRINCIPAL, INCL POTATOES - ACRES PLANTED","740,000"
2020,NEW YORK,FIELD CROP TOTALS,"FIELD CROP TOTALS, PRINCIPAL, INCL POTATOES - ACRES PLANTED","2,636,000"
2020,NORTH CAROLINA,FIELD CROP TOTALS,"FIELD CROP TOTALS, PRINCIPAL, INCL POTATOES - ACRES PLANTED","4,336,000"
2020,NORTH DAKOTA,FIELD CROP TOTALS,"FIELD CROP TOTALS, PRINCIPAL, INCL POTATOES - ACRES PLANTED","20,903,000"
2020,OHIO,FIELD CROP TOTALS,"FIELD CROP TOTALS, PRINCIPAL, INCL POTATOES - ACRES PLANTED","9,895,000"
2020,OKLAHOMA,FIELD CROP TOTALS,"FIELD CROP TOTALS, PRINCIPAL, INCL POTATOES - ACRES PLANTED","9,197,000"
2020,OREGON,FIELD CROP TOTALS,"FIELD CROP TOTALS, PRINCIPAL, INCL POTATOES - ACRES PLANTED","1,911,000"
,,,,
2020,PENNSYLVANIA,FIELD CROP TOTALS,"FIELD CROP TOTALS, PRINCIPAL, INCL POTATOES - ACRES PLANTED","4,042,000"
2020,RHODE ISLAND,FIELD CROP TOTALS,"FIELD CROP TOTALS, PRINCIPAL, INCL POTATOES - ACRES PLANTED","7,000"
2020,SOUTH CAROLINA,FIELD CROP TOTALS,"FIELD CROP TOTALS, PRINCIPAL, INCL POTATOES - ACRES PLANTED","1,411,000"
2020,SOUTH DAKOTA,FIELD CROP TOTALS,"FIELD CROP TOTALS, PRINCIPAL, INCL POTATOES - ACRES PLANTED","15,581,000"
2020,TENNESSEE,FIELD CROP TOTALS,"FIELD CROP TOTALS, PRINCIPAL, INCL POTATOES - ACRES PLANTED","4,861,000"
2020,TEXAS,FIELD CROP TOTALS,"FIELD CROP TOTALS, PRINCIPAL, INCL POTATOES - ACRES PLANTED","21,872,000"
2020,UTAH,FIELD CROP TOTALS,"FIELD CROP TOTALS, PRINCIPAL, INCL POTATOES - ACRES PLANTED","947,000"
2020,VERMONT,FIELD CROP TOTALS,"FIELD CROP TOTALS, PRINCIPAL, INCL POTATOES - ACRES PLANTED","252,000"
2020,VIRGINIA,FIELD CROP TOTALS,"FIELD CROP TOTALS, PRINCIPAL, INCL POTATOES - ACRES PLANTED","2,637,000"
2020,WASHINGTON,FIELD CROP TOTALS,"FIELD CROP TOTALS, PRINCIPAL, INCL POTATOES - ACRES PLANTED","3,663,000"
2020,WEST VIRGINIA,FIELD CROP TOTALS,"FIELD CROP TOTALS, PRINCIPAL, INCL POTATOES - ACRES PLANTED","591,000"
2020,WISCONSIN,FIELD CROP TOTALS,"FIELD CROP TOTALS, PRINCIPAL, INCL POTATOES - ACRES PLANTED","8,141,000"
2020,WYOMING,FIELD CROP TOTALS,"FIELD CROP TOTALS, PRINCIPAL, INCL POTATOES - ACRES PLANTED","1,429,000"
,,,,
2019,ALABAMA,FIELD CROP TOTALS,"FIELD CROP TOTALS, PRINCIPAL, INCL POTATOES - ACRES PLANTED","2,115,000"
2019,ALASKA,FIELD CROP TOTALS,"FIELD CROP TOTALS, PRINCIPAL, INCL POTATOES - ACRES PLANTED","28,000"
2019,ARIZONA,FIELD CROP TOTALS,"FIELD CROP TOTALS, PRINCIPAL, INCL POTATOES - ACRES PLANTED","637,000"
2019,ARKANSAS,FIELD CROP TOTALS,"FIELD CROP TOTALS, PRINCIPAL, INCL POTATOES - ACRES PLANTED","6,603,000"
2019,CALIFORNIA,FIELD CROP TOTALS,"FIELD CROP TOTALS, PRINCIPAL, INCL POTATOES - ACRES PLANTED","2,983,000"
2019,COLORADO,FIELD CROP TOTALS,"FIELD CROP TOTALS, PRINCIPAL, INCL POTATOES - ACRES PLANTED","6,091,000"
2019,CONNECTICUT,FIELD CROP TOTALS,"FIELD CROP TOTALS, PRINCIPAL, INCL POTATOES - ACRES PLANTED","70,000"
2019,DELAWARE,FIELD CROP TOTALS,"FIELD CROP TOTALS, PRINCIPAL, INCL POTATOES - ACRES PLANTED","435,000"
2019,FLORIDA,FIELD CROP TOTALS,"FIELD CROP TOTALS, PRINCIPAL, INCL POTATOES - ACRES PLANTED","1,079,000"
2019,GEORGIA,FIELD CROP TOTALS,"FIELD CROP TOTALS, PRINCIPAL, INCL POTATOES - ACRES PLANTED","3,359,000"
2019,IDAHO,FIELD CROP TOTALS,"FIELD CROP TOTALS, PRINCIPAL, INCL POTATOES - ACRES PLANTED","4,111,000"
2019,ILLINOIS,FIELD CROP TOTALS,"FIELD CROP TOTALS, PRINCIPAL, INCL POTATOES - ACRES PLANTED","21,590,000"
2019,INDIANA,FIELD CROP TOTALS,"FIELD CROP TOTALS, PRINCIPAL, INCL POTATOES - ACRES PLANTED","11,250,000"
2019,IOWA,FIELD CROP TOTALS,"FIELD CROP TOTALS, PRINCIPAL, INCL POTATOES - ACRES PLANTED","23,935,000"
2019,KANSAS,FIELD CROP TOTALS,"FIELD CROP TOTALS, PRINCIPAL, INCL POTATOES - ACRES PLANTED","23,313,000"
2019,KENTUCKY,FIELD CROP TOTALS,"FIELD CROP TOTALS, PRINCIPAL, INCL POTATOES - ACRES PLANTED","5,712,000"
2019,LOUISIANA,FIELD CROP TOTALS,"FIELD CROP TOTALS, PRINCIPAL, INCL POTATOES - ACRES PLANTED","3,024,000"
2019,MAINE,FIELD CROP TOTALS,"FIELD CROP TOTALS, PRINCIPAL, INCL POTATOES - ACRES PLANTED","228,000"
2019,MARYLAND,FIELD CROP TOTALS,"FIELD CROP TOTALS, PRINCIPAL, INCL POTATOES - ACRES PLANTED","1,556,000"
2019,MASSACHUSETTS,FIELD CROP TOTALS,"FIELD CROP TOTALS, PRINCIPAL, INCL POTATOES - ACRES PLANTED","65,000"
2019,MICHIGAN,FIELD CROP TOTALS,"FIELD CROP TOTALS, PRINCIPAL, INCL POTATOES - ACRES PLANTED","5,552,000"
2019,MINNESOTA,FIELD CROP TOTALS,"FIELD CROP TOTALS, PRINCIPAL, INCL POTATOES - ACRES PLANTED","18,350,000"
2019,MISSISSIPPI,FIELD CROP TOTALS,"FIELD CROP TOTALS, PRINCIPAL, INCL POTATOES - ACRES PLANTED","3,822,000"
2019,MISSOURI,FIELD CROP TOTALS,"FIELD CROP TOTALS, PRINCIPAL, INCL POTATOES - ACRES PLANTED","12,827,000"
2019,MONTANA,FIELD CROP TOTALS,"FIELD CROP TOTALS, PRINCIPAL, INCL POTATOES - ACRES PLANTED","9,981,000"
2019,NEBRASKA,FIELD CROP TOTALS,"FIELD CROP TOTALS, PRINCIPAL, INCL POTATOES - ACRES PLANTED","19,177,000"
2019,NEVADA,FIELD CROP TOTALS,"FIELD CROP TOTALS, PRINCIPAL, INCL POTATOES - ACRES PLANTED","450,000"
2019,NEW HAMPSHIRE,FIELD CROP TOTALS,"FIELD CROP TOTALS, PRINCIPAL, INCL POTATOES - ACRES PLANTED","61,000"
2019,NEW JERSEY,FIELD CROP TOTALS,"FIELD CROP TOTALS, PRINCIPAL, INCL POTATOES - ACRES PLANTED","282,000"
2019,NEW MEXICO,FIELD CROP TOTALS,"FIELD CROP TOTALS, PRINCIPAL, INCL POTATOES - ACRES PLANTED","833,000"
2019,NEW YORK,FIELD CROP TOTALS,"FIELD CROP TOTALS, PRINCIPAL, INCL POTATOES - ACRES PLANTED","2,591,000"
2019,NORTH CAROLINA,FIELD CROP TOTALS,"FIELD CROP TOTALS, PRINCIPAL, INCL POTATOES - ACRES PLANTED","4,400,000"
2019,NORTH DAKOTA,FIELD CROP TOTALS,"FIELD CROP TOTALS, PRINCIPAL, INCL POTATOES - ACRES PLANTED","23,223,000"
2019,OHIO,FIELD CROP TOTALS,"FIELD CROP TOTALS, PRINCIPAL, INCL POTATOES - ACRES PLANTED","8,595,000"
2019,OKLAHOMA,FIELD CROP TOTALS,"FIELD CROP TOTALS, PRINCIPAL, INCL POTATOES - ACRES PLANTED","9,390,000"
2019,OREGON,FIELD CROP TOTALS,"FIELD CROP TOTALS, PRINCIPAL, INCL POTATOES - ACRES PLANTED","1,913,000"
,,,,
2019,PENNSYLVANIA,FIELD CROP TOTALS,"FIELD CROP TOTALS, PRINCIPAL, INCL POTATOES - ACRES PLANTED","3,686,000"
2019,RHODE ISLAND,FIELD CROP TOTALS,"FIELD CROP TOTALS, PRINCIPAL, INCL POTATOES - ACRES PLANTED","7,000"
2019,SOUTH CAROLINA,FIELD CROP TOTALS,"FIELD CROP TOTALS, PRINCIPAL, INCL POTATOES - ACRES PLANTED","1,428,000"
2019,SOUTH DAKOTA,FIELD CROP TOTALS,"FIELD CROP TOTALS, PRINCIPAL, INCL POTATOES - ACRES PLANTED","13,816,000"
2019,TENNESSEE,FIELD CROP TOTALS,"FIELD CROP TOTALS, PRINCIPAL, INCL POTATOES - ACRES PLANTED","4,836,000"
2019,TEXAS,FIELD CROP TOTALS,"FIELD CROP TOTALS, PRINCIPAL, INCL POTATOES - ACRES PLANTED","21,516,000"
2019,UTAH,FIELD CROP TOTALS,"FIELD CROP TOTALS, PRINCIPAL, INCL POTATOES - ACRES PLANTED","908,000"
2019,VERMONT,FIELD CROP TOTALS,"FIELD CROP TOTALS, PRINCIPAL, INCL POTATOES - ACRES PLANTED","241,000"
2019,VIRGINIA,FIELD CROP TOTALS,"FIELD CROP TOTALS, PRINCIPAL, INCL POTATOES - ACRES PLANTED","2,609,000"
2019,WASHINGTON,FIELD CROP TOTALS,"FIELD CROP TOTALS, PRINCIPAL, INCL POTATOES - ACRES PLANTED","3,560,000"
2019,WEST VIRGINIA,FIELD CROP TOTALS,"FIELD CROP TOTALS, PRINCIPAL, INCL POTATOES - ACRES PLANTED","567,000"
2019,WISCONSIN,FIELD CROP TOTALS,"FIELD CROP TOTALS, PRINCIPAL, INCL POTATOES - ACRES PLANTED","7,625,000"
2019,WYOMING,FIELD CROP TOTALS,"FIELD CROP TOTALS, PRINCIPAL, INCL POTATOES - ACRES PLANTED","1,504,000"
,,,,
2018,ALABAMA,FIELD CROP TOTALS,"FIELD CROP TOTALS, PRINCIPAL, INCL POTATOES - ACRES PLANTED","2,325,000"
2018,ALASKA,FIELD CROP TOTALS,"FIELD CROP TOTALS, PRINCIPAL, INCL POTATOES - ACRES PLANTED","28,000"
2018,ARIZONA,FIELD CROP TOTALS,"FIELD CROP TOTALS, PRINCIPAL, INCL POTATOES - ACRES PLANTED","665,000"
2018,ARKANSAS,FIELD CROP TOTALS,"FIELD CROP TOTALS, PRINCIPAL, INCL POTATOES - ACRES PLANTED","7,282,000"
2018,CALIFORNIA,FIELD CROP TOTALS,"FIELD CROP TOTALS, PRINCIPAL, INCL POTATOES - ACRES PLANTED","2,946,000"
2018,COLORADO,FIELD CROP TOTALS,"FIELD CROP TOTALS, PRINCIPAL, INCL POTATOES - ACRES PLANTED","6,140,000"
2018,CONNECTICUT,FIELD CROP TOTALS,"FIELD CROP TOTALS, PRINCIPAL, INCL POTATOES - ACRES PLANTED","70,000"
2018,DELAWARE,FIELD CROP TOTALS,"FIELD CROP TOTALS, PRINCIPAL, INCL POTATOES - ACRES PLANTED","453,000"
2018,FLORIDA,FIELD CROP TOTALS,"FIELD CROP TOTALS, PRINCIPAL, INCL POTATOES - ACRES PLANTED","1,114,000"
2018,GEORGIA,FIELD CROP TOTALS,"FIELD CROP TOTALS, PRINCIPAL, INCL POTATOES - ACRES PLANTED","3,653,000"
2018,IDAHO,FIELD CROP TOTALS,"FIELD CROP TOTALS, PRINCIPAL, INCL POTATOES - ACRES PLANTED","4,177,000"
2018,ILLINOIS,FIELD CROP TOTALS,"FIELD CROP TOTALS, PRINCIPAL, INCL POTATOES - ACRES PLANTED","22,936,000"
2018,INDIANA,FIELD CROP TOTALS,"FIELD CROP TOTALS, PRINCIPAL, INCL POTATOES - ACRES PLANTED","12,120,000"
2018,IOWA,FIELD CROP TOTALS,"FIELD CROP TOTALS, PRINCIPAL, INCL POTATOES - ACRES PLANTED","24,241,000"
2018,KANSAS,FIELD CROP TOTALS,"FIELD CROP TOTALS, PRINCIPAL, INCL POTATOES - ACRES PLANTED","23,465,000"
2018,KENTUCKY,FIELD CROP TOTALS,"FIELD CROP TOTALS, PRINCIPAL, INCL POTATOES - ACRES PLANTED","5,693,000"
2018,LOUISIANA,FIELD CROP TOTALS,"FIELD CROP TOTALS, PRINCIPAL, INCL POTATOES - ACRES PLANTED","3,287,000"
2018,MAINE,FIELD CROP TOTALS,"FIELD CROP TOTALS, PRINCIPAL, INCL POTATOES - ACRES PLANTED","227,000"
2018,MARYLAND,FIELD CROP TOTALS,"FIELD CROP TOTALS, PRINCIPAL, INCL POTATOES - ACRES PLANTED","1,572,000"
2018,MASSACHUSETTS,FIELD CROP TOTALS,"FIELD CROP TOTALS, PRINCIPAL, INCL POTATOES - ACRES PLANTED","93,000"
2018,MICHIGAN,FIELD CROP TOTALS,"FIELD CROP TOTALS, PRINCIPAL, INCL POTATOES - ACRES PLANTED","6,390,000"
2018,MINNESOTA,FIELD CROP TOTALS,"FIELD CROP TOTALS, PRINCIPAL, INCL POTATOES - ACRES PLANTED","19,484,000"
2018,MISSISSIPPI,FIELD CROP TOTALS,"FIELD CROP TOTALS, PRINCIPAL, INCL POTATOES - ACRES PLANTED","4,144,000"
2018,MISSOURI,FIELD CROP TOTALS,"FIELD CROP TOTALS, PRINCIPAL, INCL POTATOES - ACRES PLANTED","13,782,000"
2018,MONTANA,FIELD CROP TOTALS,"FIELD CROP TOTALS, PRINCIPAL, INCL POTATOES - ACRES PLANTED","9,835,000"
2018,NEBRASKA,FIELD CROP TOTALS,"FIELD CROP TOTALS, PRINCIPAL, INCL POTATOES - ACRES PLANTED","19,742,000"
2018,NEVADA,FIELD CROP TOTALS,"FIELD CROP TOTALS, PRINCIPAL, INCL POTATOES - ACRES PLANTED","401,000"
2018,NEW HAMPSHIRE,FIELD CROP TOTALS,"FIELD CROP TOTALS, PRINCIPAL, INCL POTATOES - ACRES PLANTED","52,000"
2018,NEW JERSEY,FIELD CROP TOTALS,"FIELD CROP TOTALS, PRINCIPAL, INCL POTATOES - ACRES PLANTED","314,000"
2018,NEW MEXICO,FIELD CROP TOTALS,"FIELD CROP TOTALS, PRINCIPAL, INCL POTATOES - ACRES PLANTED","874,000"
2018,NEW YORK,FIELD CROP TOTALS,"FIELD CROP TOTALS, PRINCIPAL, INCL POTATOES - ACRES PLANTED","2,828,000"
2018,NORTH CAROLINA,FIELD CROP TOTALS,"FIELD CROP TOTALS, PRINCIPAL, INCL POTATOES - ACRES PLANTED","4,593,000"
2018,NORTH DAKOTA,FIELD CROP TOTALS,"FIELD CROP TOTALS, PRINCIPAL, INCL POTATOES - ACRES PLANTED","24,163,000"
2018,OHIO,FIELD CROP TOTALS,"FIELD CROP TOTALS, PRINCIPAL, INCL POTATOES - ACRES PLANTED","10,065,000"
2018,OKLAHOMA,FIELD CROP TOTALS,"FIELD CROP TOTALS, PRINCIPAL, INCL POTATOES - ACRES PLANTED","10,036,000"
2018,OREGON,FIELD CROP TOTALS,"FIELD CROP TOTALS, PRINCIPAL, INCL POTATOES - ACRES PLANTED","1,997,000"
,,,,
2018,PENNSYLVANIA,FIELD CROP TOTALS,"FIELD CROP TOTALS, PRINCIPAL, INCL POTATOES - ACRES PLANTED","3,443,000"
2018,RHODE ISLAND,FIELD CROP TOTALS,"FIELD CROP TOTALS, PRINCIPAL, INCL POTATOES - ACRES PLANTED","8,000"
2018,SOUTH CAROLINA,FIELD CROP TOTALS,"FIELD CROP TOTALS, PRINCIPAL, INCL POTATOES - ACRES PLANTED","1,498,000"
2018,SOUTH DAKOTA,FIELD CROP TOTALS,"FIELD CROP TOTALS, PRINCIPAL, INCL POTATOES - ACRES PLANTED","17,300,000"
2018,TENNESSEE,FIELD CROP TOTALS,"FIELD CROP TOTALS, PRINCIPAL, INCL POTATOES - ACRES PLANTED","4,896,000"
2018,TEXAS,FIELD CROP TOTALS,"FIELD CROP TOTALS, PRINCIPAL, INCL POTATOES - ACRES PLANTED","21,833,000"
2018,UTAH,FIELD CROP TOTALS,"FIELD CROP TOTALS, PRINCIPAL, INCL POTATOES - ACRES PLANTED","871,000"
2018,VERMONT,FIELD CROP TOTALS,"FIELD CROP TOTALS, PRINCIPAL, INCL POTATOES - ACRES PLANTED","255,000"
2018,VIRGINIA,FIELD CROP TOTALS,"FIELD CROP TOTALS, PRINCIPAL, INCL POTATOES - ACRES PLANTED","2,634,000"
2018,WASHINGTON,FIELD CROP TOTALS,"FIELD CROP TOTALS, PRINCIPAL, INCL POTATOES - ACRES PLANTED","3,697,000"
2018,WEST VIRGINIA,FIELD CROP TOTALS,"FIELD CROP TOTALS, PRINCIPAL, INCL POTATOES - ACRES PLANTED","617,000"
2018,WISCONSIN,FIELD CROP TOTALS,"FIELD CROP TOTALS, PRINCIPAL, INCL POTATOES - ACRES PLANTED","8,014,000"
2018,WYOMING,FIELD CROP TOTALS,"FIELD CROP TOTALS, PRINCIPAL, INCL POTATOES - ACRES PLANTED","1,474,000"
,,,,
2017,ALABAMA,FIELD CROP TOTALS,"FIELD CROP TOTALS, PRINCIPAL, INCL POTATOES - ACRES PLANTED","2,280,000"
2017,ARIZONA,FIELD CROP TOTALS,"FIELD CROP TOTALS, PRINCIPAL, INCL POTATOES - ACRES PLANTED","700,000"
2017,ARKANSAS,FIELD CROP TOTALS,"FIELD CROP TOTALS, PRINCIPAL, INCL POTATOES - ACRES PLANTED","7,299,000"
2017,CALIFORNIA,FIELD CROP TOTALS,"FIELD CROP TOTALS, PRINCIPAL, INCL POTATOES - ACRES PLANTED","3,096,000"
2017,COLORADO,FIELD CROP TOTALS,"FIELD CROP TOTALS, PRINCIPAL, INCL POTATOES - ACRES PLANTED","6,245,000"
2017,CONNECTICUT,FIELD CROP TOTALS,"FIELD CROP TOTALS, PRINCIPAL, INCL POTATOES - ACRES PLANTED","72,000"
2017,DELAWARE,FIELD CROP TOTALS,"FIELD CROP TOTALS, PRINCIPAL, INCL POTATOES - ACRES PLANTED","462,000"
2017,FLORIDA,FIELD CROP TOTALS,"FIELD CROP TOTALS, PRINCIPAL, INCL POTATOES - ACRES PLANTED","1,146,000"
2017,GEORGIA,FIELD CROP TOTALS,"FIELD CROP TOTALS, PRINCIPAL, INCL POTATOES - ACRES PLANTED","3,634,000"
2017,HAWAII,FIELD CROP TOTALS,"FIELD CROP TOTALS, PRINCIPAL, INCL POTATOES - ACRES PLANTED",0
2017,IDAHO,FIELD CROP TOTALS,"FIELD CROP TOTALS, PRINCIPAL, INCL POTATOES - ACRES PLANTED","4,205,000"
2017,ILLINOIS,FIELD CROP TOTALS,"FIELD CROP TOTALS, PRINCIPAL, INCL POTATOES - ACRES PLANTED","22,851,000"
2017,INDIANA,FIELD CROP TOTALS,"FIELD CROP TOTALS, PRINCIPAL, INCL POTATOES - ACRES PLANTED","12,130,000"
2017,IOWA,FIELD CROP TOTALS,"FIELD CROP TOTALS, PRINCIPAL, INCL POTATOES - ACRES PLANTED","24,491,000"
2017,KANSAS,FIELD CROP TOTALS,"FIELD CROP TOTALS, PRINCIPAL, INCL POTATOES - ACRES PLANTED","23,633,000"
2017,KENTUCKY,FIELD CROP TOTALS,"FIELD CROP TOTALS, PRINCIPAL, INCL POTATOES - ACRES PLANTED","5,956,000"
2017,LOUISIANA,FIELD CROP TOTALS,"FIELD CROP TOTALS, PRINCIPAL, INCL POTATOES - ACRES PLANTED","3,275,000"
2017,MAINE,FIELD CROP TOTALS,"FIELD CROP TOTALS, PRINCIPAL, INCL POTATOES - ACRES PLANTED","226,000"
2017,MARYLAND,FIELD CROP TOTALS,"FIELD CROP TOTALS, PRINCIPAL, INCL POTATOES - ACRES PLANTED","1,633,000"
2017,MASSACHUSETTS,FIELD CROP TOTALS,"FIELD CROP TOTALS, PRINCIPAL, INCL POTATOES - ACRES PLANTED","93,000"
2017,MICHIGAN,FIELD CROP TOTALS,"FIELD CROP TOTALS, PRINCIPAL, INCL POTATOES - ACRES PLANTED","6,349,000"
2017,MINNESOTA,FIELD CROP TOTALS,"FIELD CROP TOTALS, PRINCIPAL, INCL POTATOES - ACRES PLANTED","19,691,000"
2017,MISSISSIPPI,FIELD CROP TOTALS,"FIELD CROP TOTALS, PRINCIPAL, INCL POTATOES - ACRES PLANTED","4,159,000"
2017,MISSOURI,FIELD CROP TOTALS,"FIELD CROP TOTALS, PRINCIPAL, INCL POTATOES - ACRES PLANTED","13,533,000"
2017,MONTANA,FIELD CROP TOTALS,"FIELD CROP TOTALS, PRINCIPAL, INCL POTATOES - ACRES PLANTED","9,079,000"
2017,NEBRASKA,FIELD CROP TOTALS,"FIELD CROP TOTALS, PRINCIPAL, INCL POTATOES - ACRES PLANTED","19,566,000"
2017,NEVADA,FIELD CROP TOTALS,"FIELD CROP TOTALS, PRINCIPAL, INCL POTATOES - ACRES PLANTED","426,000"
2017,NEW HAMPSHIRE,FIELD CROP TOTALS,"FIELD CROP TOTALS, PRINCIPAL, INCL POTATOES - ACRES PLANTED","59,000"
2017,NEW JERSEY,FIELD CROP TOTALS,"FIELD CROP TOTALS, PRINCIPAL, INCL POTATOES - ACRES PLANTED","310,000"
2017,NEW MEXICO,FIELD CROP TOTALS,"FIELD CROP TOTALS, PRINCIPAL, INCL POTATOES - ACRES PLANTED","906,000"
2017,NEW YORK,FIELD CROP TOTALS,"FIELD CROP TOTALS, PRINCIPAL, INCL POTATOES - ACRES PLANTED","2,800,000"
2017,NORTH CAROLINA,FIELD CROP TOTALS,"FIELD CROP TOTALS, PRINCIPAL, INCL POTATOES - ACRES PLANTED","4,428,000"
2017,NORTH DAKOTA,FIELD CROP TOTALS,"FIELD CROP TOTALS, PRINCIPAL, INCL POTATOES - ACRES PLANTED","23,617,000"
2017,OHIO,FIELD CROP TOTALS,"FIELD CROP TOTALS, PRINCIPAL, INCL POTATOES - ACRES PLANTED","10,010,000"
2017,OKLAHOMA,FIELD CROP TOTALS,"FIELD CROP TOTALS, PRINCIPAL, INCL POTATOES - ACRES PLANTED","9,827,000"
2017,OREGON,FIELD CROP TOTALS,"FIELD CROP TOTALS, PRINCIPAL, INCL POTATOES - ACRES PLANTED","2,080,000"
,,,,
2017,PENNSYLVANIA,FIELD CROP TOTALS,"FIELD CROP TOTALS, PRINCIPAL, INCL POTATOES - ACRES PLANTED","3,728,000"
2017,RHODE ISLAND,FIELD CROP TOTALS,"FIELD CROP TOTALS, PRINCIPAL, INCL POTATOES - ACRES PLANTED","8,000"
2017,SOUTH CAROLINA,FIELD CROP TOTALS,"FIELD CROP TOTALS, PRINCIPAL, INCL POTATOES - ACRES PLANTED","1,544,000"
2017,SOUTH DAKOTA,FIELD CROP TOTALS,"FIELD CROP TOTALS, PRINCIPAL, INCL POTATOES - ACRES PLANTED","17,422,000"
2017,TENNESSEE,FIELD CROP TOTALS,"FIELD CROP TOTALS, PRINCIPAL, INCL POTATOES - ACRES PLANTED","4,841,000"
2017,TEXAS,FIELD CROP TOTALS,"FIELD CROP TOTALS, PRINCIPAL, INCL POTATOES - ACRES PLANTED","21,580,000"
2017,UTAH,FIELD CROP TOTALS,"FIELD CROP TOTALS, PRINCIPAL, INCL POTATOES - ACRES PLANTED","944,000"
2017,VERMONT,FIELD CROP TOTALS,"FIELD CROP TOTALS, PRINCIPAL, INCL POTATOES - ACRES PLANTED","267,000"
2017,VIRGINIA,FIELD CROP TOTALS,"FIELD CROP TOTALS, PRINCIPAL, INCL POTATOES - ACRES PLANTED","2,674,000"
2017,WASHINGTON,FIELD CROP TOTALS,"FIELD CROP TOTALS, PRINCIPAL, INCL POTATOES - ACRES PLANTED","3,634,000"
2017,WEST VIRGINIA,FIELD CROP TOTALS,"FIELD CROP TOTALS, PRINCIPAL, INCL POTATOES - ACRES PLANTED","652,000"
2017,WISCONSIN,FIELD CROP TOTALS,"FIELD CROP TOTALS, PRINCIPAL, INCL POTATOES - ACRES PLANTED","7,781,000"
2017,WYOMING,FIELD CROP TOTALS,"FIELD CROP TOTALS, PRINCIPAL, INCL POTATOES - ACRES PLANTED","1,510,000"
,,,,
2016,ALABAMA,FIELD CROP TOTALS,"FIELD CROP TOTALS, PRINCIPAL, INCL POTATOES - ACRES PLANTED","2,360,000"
2016,ARIZONA,FIELD CROP TOTALS,"FIELD CROP TOTALS, PRINCIPAL, INCL POTATOES - ACRES PLANTED","678,000"
2016,ARKANSAS,FIELD CROP TOTALS,"FIELD CROP TOTALS, PRINCIPAL, INCL POTATOES - ACRES PLANTED","7,397,000"
2016,CALIFORNIA,FIELD CROP TOTALS,"FIELD CROP TOTALS, PRINCIPAL, INCL POTATOES - ACRES PLANTED","3,235,000"
2016,COLORADO,FIELD CROP TOTALS,"FIELD CROP TOTALS, PRINCIPAL, INCL POTATOES - ACRES PLANTED","6,171,000"
2016,CONNECTICUT,FIELD CROP TOTALS,"FIELD CROP TOTALS, PRINCIPAL, INCL POTATOES - ACRES PLANTED","71,000"
2016,DELAWARE,FIELD CROP TOTALS,"FIELD CROP TOTALS, PRINCIPAL, INCL POTATOES - ACRES PLANTED","457,000"
2016,FLORIDA,FIELD CROP TOTALS,"FIELD CROP TOTALS, PRINCIPAL, INCL POTATOES - ACRES PLANTED","1,133,000"
2016,GEORGIA,FIELD CROP TOTALS,"FIELD CROP TOTALS, PRINCIPAL, INCL POTATOES - ACRES PLANTED","3,629,000"
2016,HAWAII,FIELD CROP TOTALS,"FIELD CROP TOTALS, PRINCIPAL, INCL POTATOES - ACRES PLANTED","16,000"
2016,IDAHO,FIELD CROP TOTALS,"FIELD CROP TOTALS, PRINCIPAL, INCL POTATOES - ACRES PLANTED","4,173,000"
2016,ILLINOIS,FIELD CROP TOTALS,"FIELD CROP TOTALS, PRINCIPAL, INCL POTATOES - ACRES PLANTED","22,771,000"
2016,INDIANA,FIELD CROP TOTALS,"FIELD CROP TOTALS, PRINCIPAL, INCL POTATOES - ACRES PLANTED","12,080,000"
2016,IOWA,FIELD CROP TOTALS,"FIELD CROP TOTALS, PRINCIPAL, INCL POTATOES - ACRES PLANTED","24,455,000"
2016,KANSAS,FIELD CROP TOTALS,"FIELD CROP TOTALS, PRINCIPAL, INCL POTATOES - ACRES PLANTED","23,595,000"
2016,KENTUCKY,FIELD CROP TOTALS,"FIELD CROP TOTALS, PRINCIPAL, INCL POTATOES - ACRES PLANTED","6,135,000"
2016,LOUISIANA,FIELD CROP TOTALS,"FIELD CROP TOTALS, PRINCIPAL, INCL POTATOES - ACRES PLANTED","3,345,000"
2016,MAINE,FIELD CROP TOTALS,"FIELD CROP TOTALS, PRINCIPAL, INCL POTATOES - ACRES PLANTED","243,000"
2016,MARYLAND,FIELD CROP TOTALS,"FIELD CROP TOTALS, PRINCIPAL, INCL POTATOES - ACRES PLANTED","1,605,000"
2016,MASSACHUSETTS,FIELD CROP TOTALS,"FIELD CROP TOTALS, PRINCIPAL, INCL POTATOES - ACRES PLANTED","98,000"
2016,MICHIGAN,FIELD CROP TOTALS,"FIELD CROP TOTALS, PRINCIPAL, INCL POTATOES - ACRES PLANTED","6,424,000"
2016,MINNESOTA,FIELD CROP TOTALS,"FIELD CROP TOTALS, PRINCIPAL, INCL POTATOES - ACRES PLANTED","19,891,000"
2016,MISSISSIPPI,FIELD CROP TOTALS,"FIELD CROP TOTALS, PRINCIPAL, INCL POTATOES - ACRES PLANTED","4,177,000"
2016,MISSOURI,FIELD CROP TOTALS,"FIELD CROP TOTALS, PRINCIPAL, INCL POTATOES - ACRES PLANTED","13,404,000"
2016,MONTANA,FIELD CROP TOTALS,"FIELD CROP TOTALS, PRINCIPAL, INCL POTATOES - ACRES PLANTED","9,117,000"
2016,NEBRASKA,FIELD CROP TOTALS,"FIELD CROP TOTALS, PRINCIPAL, INCL POTATOES - ACRES PLANTED","19,474,000"
2016,NEVADA,FIELD CROP TOTALS,"FIELD CROP TOTALS, PRINCIPAL, INCL POTATOES - ACRES PLANTED","366,000"
2016,NEW HAMPSHIRE,FIELD CROP TOTALS,"FIELD CROP TOTALS, PRINCIPAL, INCL POTATOES - ACRES PLANTED","70,000"
2016,NEW JERSEY,FIELD CROP TOTALS,"FIELD CROP TOTALS, PRINCIPAL, INCL POTATOES - ACRES PLANTED","320,000"
2016,NEW MEXICO,FIELD CROP TOTALS,"FIELD CROP TOTALS, PRINCIPAL, INCL POTATOES - ACRES PLANTED","913,000"
2016,NEW YORK,FIELD CROP TOTALS,"FIELD CROP TOTALS, PRINCIPAL, INCL POTATOES - ACRES PLANTED","3,015,000"
2016,NORTH CAROLINA,FIELD CROP TOTALS,"FIELD CROP TOTALS, PRINCIPAL, INCL POTATOES - ACRES PLANTED","4,438,000"
2016,NORTH DAKOTA,FIELD CROP TOTALS,"FIELD CROP TOTALS, PRINCIPAL, INCL POTATOES - ACRES PLANTED","23,716,000"
2016,OHIO,FIELD CROP TOTALS,"FIELD CROP TOTALS, PRINCIPAL, INCL POTATOES - ACRES PLANTED","9,995,000"
2016,OKLAHOMA,FIELD CROP TOTALS,"FIELD CROP TOTALS, PRINCIPAL, INCL POTATOES - ACRES PLANTED","9,963,000"
2016,OREGON,FIELD CROP TOTALS,"FIELD CROP TOTALS, PRINCIPAL, INCL POTATOES - ACRES PLANTED","2,155,000"
,,,,
2016,PENNSYLVANIA,FIELD CROP TOTALS,"FIELD CROP TOTALS, PRINCIPAL, INCL POTATOES - ACRES PLANTED","3,638,000"
2016,RHODE ISLAND,FIELD CROP TOTALS,"FIELD CROP TOTALS, PRINCIPAL, INCL POTATOES - ACRES PLANTED","9,000"
2016,SOUTH CAROLINA,FIELD CROP TOTALS,"FIELD CROP TOTALS, PRINCIPAL, INCL POTATOES - ACRES PLANTED","1,505,000"
2016,SOUTH DAKOTA,FIELD CROP TOTALS,"FIELD CROP TOTALS, PRINCIPAL, INCL POTATOES - ACRES PLANTED","17,291,000"
2016,TENNESSEE,FIELD CROP TOTALS,"FIELD CROP TOTALS, PRINCIPAL, INCL POTATOES - ACRES PLANTED","5,030,000"
2016,TEXAS,FIELD CROP TOTALS,"FIELD CROP TOTALS, PRINCIPAL, INCL POTATOES - ACRES PLANTED","21,368,000"
2016,UTAH,FIELD CROP TOTALS,"FIELD CROP TOTALS, PRINCIPAL, INCL POTATOES - ACRES PLANTED","928,000"
2016,VERMONT,FIELD CROP TOTALS,"FIELD CROP TOTALS, PRINCIPAL, INCL POTATOES - ACRES PLANTED","270,000"
2016,VIRGINIA,FIELD CROP TOTALS,"FIELD CROP TOTALS, PRINCIPAL, INCL POTATOES - ACRES PLANTED","2,680,000"
2016,WASHINGTON,FIELD CROP TOTALS,"FIELD CROP TOTALS, PRINCIPAL, INCL POTATOES - ACRES PLANTED","3,718,000"
2016,WEST VIRGINIA,FIELD CROP TOTALS,"FIELD CROP TOTALS, PRINCIPAL, INCL POTATOES - ACRES PLANTED","670,000"
2016,WISCONSIN,FIELD CROP TOTALS,"FIELD CROP TOTALS, PRINCIPAL, INCL POTATOES - ACRES PLANTED","7,889,000"
2016,WYOMING,FIELD CROP TOTALS,"FIELD CROP TOTALS, PRINCIPAL, INCL POTATOES - ACRES PLANTED","1,462,000"
,,,,
2015,ALABAMA,FIELD CROP TOTALS,"FIELD CROP TOTALS, PRINCIPAL, INCL POTATOES - ACRES PLANTED","2,320,000"
2015,ARIZONA,FIELD CROP TOTALS,"FIELD CROP TOTALS, PRINCIPAL, INCL POTATOES - ACRES PLANTED","731,000"
2015,ARKANSAS,FIELD CROP TOTALS,"FIELD CROP TOTALS, PRINCIPAL, INCL POTATOES - ACRES PLANTED","7,217,000"
2015,CALIFORNIA,FIELD CROP TOTALS,"FIELD CROP TOTALS, PRINCIPAL, INCL POTATOES - ACRES PLANTED","3,088,000"
2015,COLORADO,FIELD CROP TOTALS,"FIELD CROP TOTALS, PRINCIPAL, INCL POTATOES - ACRES PLANTED","6,036,000"
2015,CONNECTICUT,FIELD CROP TOTALS,"FIELD CROP TOTALS, PRINCIPAL, INCL POTATOES - ACRES PLANTED","79,000"
2015,DELAWARE,FIELD CROP TOTALS,"FIELD CROP TOTALS, PRINCIPAL, INCL POTATOES - ACRES PLANTED","461,000"
2015,FLORIDA,FIELD CROP TOTALS,"FIELD CROP TOTALS, PRINCIPAL, INCL POTATOES - ACRES PLANTED","1,146,000"
2015,GEORGIA,FIELD CROP TOTALS,"FIELD CROP TOTALS, PRINCIPAL, INCL POTATOES - ACRES PLANTED","3,694,000"
2015,HAWAII,FIELD CROP TOTALS,"FIELD CROP TOTALS, PRINCIPAL, INCL POTATOES - ACRES PLANTED","15,000"
2015,IDAHO,FIELD CROP TOTALS,"FIELD CROP TOTALS, PRINCIPAL, INCL POTATOES - ACRES PLANTED","4,160,000"
2015,ILLINOIS,FIELD CROP TOTALS,"FIELD CROP TOTALS, PRINCIPAL, INCL POTATOES - ACRES PLANTED","22,616,000"
2015,INDIANA,FIELD CROP TOTALS,"FIELD CROP TOTALS, PRINCIPAL, INCL POTATOES - ACRES PLANTED","12,065,000"
2015,IOWA,FIELD CROP TOTALS,"FIELD CROP TOTALS, PRINCIPAL, INCL POTATOES - ACRES PLANTED","24,655,000"
2015,KANSAS,FIELD CROP TOTALS,"FIELD CROP TOTALS, PRINCIPAL, INCL POTATOES - ACRES PLANTED","23,320,000"
2015,KENTUCKY,FIELD CROP TOTALS,"FIELD CROP TOTALS, PRINCIPAL, INCL POTATOES - ACRES PLANTED","6,243,000"
2015,LOUISIANA,FIELD CROP TOTALS,"FIELD CROP TOTALS, PRINCIPAL, INCL POTATOES - ACRES PLANTED","3,392,000"
2015,MAINE,FIELD CROP TOTALS,"FIELD CROP TOTALS, PRINCIPAL, INCL POTATOES - ACRES PLANTED","260,000"
2015,MARYLAND,FIELD CROP TOTALS,"FIELD CROP TOTALS, PRINCIPAL, INCL POTATOES - ACRES PLANTED","1,582,000"
2015,MASSACHUSETTS,FIELD CROP TOTALS,"FIELD CROP TOTALS, PRINCIPAL, INCL POTATOES - ACRES PLANTED","112,000"
2015,MICHIGAN,FIELD CROP TOTALS,"FIELD CROP TOTALS, PRINCIPAL, INCL POTATOES - ACRES PLANTED","6,419,000"
2015,MINNESOTA,FIELD CROP TOTALS,"FIELD CROP TOTALS, PRINCIPAL, INCL POTATOES - ACRES PLANTED","20,015,000"
2015,MISSISSIPPI,FIELD CROP TOTALS,"FIELD CROP TOTALS, PRINCIPAL, INCL POTATOES - ACRES PLANTED","4,274,000"
2015,MISSOURI,FIELD CROP TOTALS,"FIELD CROP TOTALS, PRINCIPAL, INCL POTATOES - ACRES PLANTED","12,081,000"
2015,MONTANA,FIELD CROP TOTALS,"FIELD CROP TOTALS, PRINCIPAL, INCL POTATOES - ACRES PLANTED","9,451,000"
2015,NEBRASKA,FIELD CROP TOTALS,"FIELD CROP TOTALS, PRINCIPAL, INCL POTATOES - ACRES PLANTED","19,652,000"
2015,NEVADA,FIELD CROP TOTALS,"FIELD CROP TOTALS, PRINCIPAL, INCL POTATOES - ACRES PLANTED","334,000"
2015,NEW HAMPSHIRE,FIELD CROP TOTALS,"FIELD CROP TOTALS, PRINCIPAL, INCL POTATOES - ACRES PLANTED","65,000"
2015,NEW JERSEY,FIELD CROP TOTALS,"FIELD CROP TOTALS, PRINCIPAL, INCL POTATOES - ACRES PLANTED","314,000"
2015,NEW MEXICO,FIELD CROP TOTALS,"FIELD CROP TOTALS, PRINCIPAL, INCL POTATOES - ACRES PLANTED","975,000"
2015,NEW YORK,FIELD CROP TOTALS,"FIELD CROP TOTALS, PRINCIPAL, INCL POTATOES - ACRES PLANTED","2,839,000"
2015,NORTH CAROLINA,FIELD CROP TOTALS,"FIELD CROP TOTALS, PRINCIPAL, INCL POTATOES - ACRES PLANTED","4,753,000"
2015,NORTH DAKOTA,FIELD CROP TOTALS,"FIELD CROP TOTALS, PRINCIPAL, INCL POTATOES - ACRES PLANTED","23,670,000"
2015,OHIO,FIELD CROP TOTALS,"FIELD CROP TOTALS, PRINCIPAL, INCL POTATOES - ACRES PLANTED","9,913,000"
2015,OKLAHOMA,FIELD CROP TOTALS,"FIELD CROP TOTALS, PRINCIPAL, INCL POTATOES - ACRES PLANTED","10,126,000"
2015,OREGON,FIELD CROP TOTALS,"FIELD CROP TOTALS, PRINCIPAL, INCL POTATOES - ACRES PLANTED","2,109,000"
,,,,
2015,PENNSYLVANIA,FIELD CROP TOTALS,"FIELD CROP TOTALS, PRINCIPAL, INCL POTATOES - ACRES PLANTED","3,578,000"
2015,RHODE ISLAND,FIELD CROP TOTALS,"FIELD CROP TOTALS, PRINCIPAL, INCL POTATOES - ACRES PLANTED","9,000"
2015,SOUTH CAROLINA,FIELD CROP TOTALS,"FIELD CROP TOTALS, PRINCIPAL, INCL POTATOES - ACRES PLANTED","1,624,000"
2015,SOUTH DAKOTA,FIELD CROP TOTALS,"FIELD CROP TOTALS, PRINCIPAL, INCL POTATOES - ACRES PLANTED","18,100,000"
2015,TENNESSEE,FIELD CROP TOTALS,"FIELD CROP TOTALS, PRINCIPAL, INCL POTATOES - ACRES PLANTED","4,926,000"
2015,TEXAS,FIELD CROP TOTALS,"FIELD CROP TOTALS, PRINCIPAL, INCL POTATOES - ACRES PLANTED","21,705,000"
2015,UTAH,FIELD CROP TOTALS,"FIELD CROP TOTALS, PRINCIPAL, INCL POTATOES - ACRES PLANTED","917,000"
2015,VERMONT,FIELD CROP TOTALS,"FIELD CROP TOTALS, PRINCIPAL, INCL POTATOES - ACRES PLANTED","267,000"
2015,VIRGINIA,FIELD CROP TOTALS,"FIELD CROP TOTALS, PRINCIPAL, INCL POTATOES - ACRES PLANTED","2,705,000"
2015,WASHINGTON,FIELD CROP TOTALS,"FIELD CROP TOTALS, PRINCIPAL, INCL POTATOES - ACRES PLANTED","3,660,000"
2015,WEST VIRGINIA,FIELD CROP TOTALS,"FIELD CROP TOTALS, PRINCIPAL, INCL POTATOES - ACRES PLANTED","676,000"
2015,WISCONSIN,FIELD CROP TOTALS,"FIELD CROP TOTALS, PRINCIPAL, INCL POTATOES - ACRES PLANTED","8,003,000"
2015,WYOMING,FIELD CROP TOTALS,"FIELD CROP TOTALS, PRINCIPAL, INCL POTATOES - ACRES PLANTED","1,506,000"
,,,,
2014,ALABAMA,FIELD CROP TOTALS,"FIELD CROP TOTALS, PRINCIPAL, INCL POTATOES - ACRES PLANTED","2,360,000"
2014,ARIZONA,FIELD CROP TOTALS,"FIELD CROP TOTALS, PRINCIPAL, INCL POTATOES - ACRES PLANTED","701,000"
2014,ARKANSAS,FIELD CROP TOTALS,"FIELD CROP TOTALS, PRINCIPAL, INCL POTATOES - ACRES PLANTED","7,543,000"
2014,CALIFORNIA,FIELD CROP TOTALS,"FIELD CROP TOTALS, PRINCIPAL, INCL POTATOES - ACRES PLANTED","3,418,000"
2014,COLORADO,FIELD CROP TOTALS,"FIELD CROP TOTALS, PRINCIPAL, INCL POTATOES - ACRES PLANTED","6,188,000"
2014,CONNECTICUT,FIELD CROP TOTALS,"FIELD CROP TOTALS, PRINCIPAL, INCL POTATOES - ACRES PLANTED","79,000"
2014,DELAWARE,FIELD CROP TOTALS,"FIELD CROP TOTALS, PRINCIPAL, INCL POTATOES - ACRES PLANTED","495,000"
2014,FLORIDA,FIELD CROP TOTALS,"FIELD CROP TOTALS, PRINCIPAL, INCL POTATOES - ACRES PLANTED","1,170,000"
2014,GEORGIA,FIELD CROP TOTALS,"FIELD CROP TOTALS, PRINCIPAL, INCL POTATOES - ACRES PLANTED","3,795,000"
2014,HAWAII,FIELD CROP TOTALS,"FIELD CROP TOTALS, PRINCIPAL, INCL POTATOES - ACRES PLANTED","16,000"
2014,IDAHO,FIELD CROP TOTALS,"FIELD CROP TOTALS, PRINCIPAL, INCL POTATOES - ACRES PLANTED","4,302,000"
2014,ILLINOIS,FIELD CROP TOTALS,"FIELD CROP TOTALS, PRINCIPAL, INCL POTATOES - ACRES PLANTED","23,025,000"
2014,INDIANA,FIELD CROP TOTALS,"FIELD CROP TOTALS, PRINCIPAL, INCL POTATOES - ACRES PLANTED","12,360,000"
2014,IOWA,FIELD CROP TOTALS,"FIELD CROP TOTALS, PRINCIPAL, INCL POTATOES - ACRES PLANTED","24,876,000"
2014,KANSAS,FIELD CROP TOTALS,"FIELD CROP TOTALS, PRINCIPAL, INCL POTATOES - ACRES PLANTED","23,007,000"
2014,KENTUCKY,FIELD CROP TOTALS,"FIELD CROP TOTALS, PRINCIPAL, INCL POTATOES - ACRES PLANTED","6,267,000"
2014,LOUISIANA,FIELD CROP TOTALS,"FIELD CROP TOTALS, PRINCIPAL, INCL POTATOES - ACRES PLANTED","3,587,000"
2014,MAINE,FIELD CROP TOTALS,"FIELD CROP TOTALS, PRINCIPAL, INCL POTATOES - ACRES PLANTED","277,000"
2014,MARYLAND,FIELD CROP TOTALS,"FIELD CROP TOTALS, PRINCIPAL, INCL POTATOES - ACRES PLANTED","1,617,000"
2014,MASSACHUSETTS,FIELD CROP TOTALS,"FIELD CROP TOTALS, PRINCIPAL, INCL POTATOES - ACRES PLANTED","95,000"
2014,MICHIGAN,FIELD CROP TOTALS,"FIELD CROP TOTALS, PRINCIPAL, INCL POTATOES - ACRES PLANTED","6,618,000"
2014,MINNESOTA,FIELD CROP TOTALS,"FIELD CROP TOTALS, PRINCIPAL, INCL POTATOES - ACRES PLANTED","19,741,000"
2014,MISSISSIPPI,FIELD CROP TOTALS,"FIELD CROP TOTALS, PRINCIPAL, INCL POTATOES - ACRES PLANTED","4,308,000"
2014,MISSOURI,FIELD CROP TOTALS,"FIELD CROP TOTALS, PRINCIPAL, INCL POTATOES - ACRES PLANTED","14,094,000"
2014,MONTANA,FIELD CROP TOTALS,"FIELD CROP TOTALS, PRINCIPAL, INCL POTATOES - ACRES PLANTED","9,967,000"
2014,NEBRASKA,FIELD CROP TOTALS,"FIELD CROP TOTALS, PRINCIPAL, INCL POTATOES - ACRES PLANTED","19,544,000"
2014,NEVADA,FIELD CROP TOTALS,"FIELD CROP TOTALS, PRINCIPAL, INCL POTATOES - ACRES PLANTED","455,000"
2014,NEW HAMPSHIRE,FIELD CROP TOTALS,"FIELD CROP TOTALS, PRINCIPAL, INCL POTATOES - ACRES PLANTED","70,000"
2014,NEW JERSEY,FIELD CROP TOTALS,"FIELD CROP TOTALS, PRINCIPAL, INCL POTATOES - ACRES PLANTED","331,000"
2014,NEW MEXICO,FIELD CROP TOTALS,"FIELD CROP TOTALS, PRINCIPAL, INCL POTATOES - ACRES PLANTED","983,000"
2014,NEW YORK,FIELD CROP TOTALS,"FIELD CROP TOTALS, PRINCIPAL, INCL POTATOES - ACRES PLANTED","3,051,000"
2014,NORTH CAROLINA,FIELD CROP TOTALS,"FIELD CROP TOTALS, PRINCIPAL, INCL POTATOES - ACRES PLANTED","5,070,000"
2014,NORTH DAKOTA,FIELD CROP TOTALS,"FIELD CROP TOTALS, PRINCIPAL, INCL POTATOES - ACRES PLANTED","23,004,000"
2014,OHIO,FIELD CROP TOTALS,"FIELD CROP TOTALS, PRINCIPAL, INCL POTATOES - ACRES PLANTED","10,044,000"
2014,OKLAHOMA,FIELD CROP TOTALS,"FIELD CROP TOTALS, PRINCIPAL, INCL POTATOES - ACRES PLANTED","10,786,000"
2014,OREGON,FIELD CROP TOTALS,"FIELD CROP TOTALS, PRINCIPAL, INCL POTATOES - ACRES PLANTED","2,090,000"
,,,,
2014,PENNSYLVANIA,FIELD CROP TOTALS,"FIELD CROP TOTALS, PRINCIPAL, INCL POTATOES - ACRES PLANTED","3,809,000"
2014,RHODE ISLAND,FIELD CROP TOTALS,"FIELD CROP TOTALS, PRINCIPAL, INCL POTATOES - ACRES PLANTED","10,000"
2014,SOUTH CAROLINA,FIELD CROP TOTALS,"FIELD CROP TOTALS, PRINCIPAL, INCL POTATOES - ACRES PLANTED","1,674,000"
2014,SOUTH DAKOTA,FIELD CROP TOTALS,"FIELD CROP TOTALS, PRINCIPAL, INCL POTATOES - ACRES PLANTED","17,816,000"
2014,TENNESSEE,FIELD CROP TOTALS,"FIELD CROP TOTALS, PRINCIPAL, INCL POTATOES - ACRES PLANTED","5,155,000"
2014,TEXAS,FIELD CROP TOTALS,"FIELD CROP TOTALS, PRINCIPAL, INCL POTATOES - ACRES PLANTED","23,577,000"
2014,UTAH,FIELD CROP TOTALS,"FIELD CROP TOTALS, PRINCIPAL, INCL POTATOES - ACRES PLANTED","937,000"
2014,VERMONT,FIELD CROP TOTALS,"FIELD CROP TOTALS, PRINCIPAL, INCL POTATOES - ACRES PLANTED","277,000"
2014,VIRGINIA,FIELD CROP TOTALS,"FIELD CROP TOTALS, PRINCIPAL, INCL POTATOES - ACRES PLANTED","2,816,000"
2014,WASHINGTON,FIELD CROP TOTALS,"FIELD CROP TOTALS, PRINCIPAL, INCL POTATOES - ACRES PLANTED","3,889,000"
2014,WEST VIRGINIA,FIELD CROP TOTALS,"FIELD CROP TOTALS, PRINCIPAL, INCL POTATOES - ACRES PLANTED","706,000"
2014,WISCONSIN,FIELD CROP TOTALS,"FIELD CROP TOTALS, PRINCIPAL, INCL POTATOES - ACRES PLANTED","8,089,000"
2014,WYOMING,FIELD CROP TOTALS,"FIELD CROP TOTALS, PRINCIPAL, INCL POTATOES - ACRES PLANTED","1,478,000"
,,,,
2013,ALABAMA,FIELD CROP TOTALS,"FIELD CROP TOTALS, PRINCIPAL, INCL POTATOES - ACRES PLANTED","2,425,000"
2013,ARIZONA,FIELD CROP TOTALS,"FIELD CROP TOTALS, PRINCIPAL, INCL POTATOES - ACRES PLANTED","740,000"
2013,ARKANSAS,FIELD CROP TOTALS,"FIELD CROP TOTALS, PRINCIPAL, INCL POTATOES - ACRES PLANTED","7,732,000"
2013,CALIFORNIA,FIELD CROP TOTALS,"FIELD CROP TOTALS, PRINCIPAL, INCL POTATOES - ACRES PLANTED","3,925,000"
2013,COLORADO,FIELD CROP TOTALS,"FIELD CROP TOTALS, PRINCIPAL, INCL POTATOES - ACRES PLANTED","5,916,000"
2013,CONNECTICUT,FIELD CROP TOTALS,"FIELD CROP TOTALS, PRINCIPAL, INCL POTATOES - ACRES PLANTED","74,000"
2013,DELAWARE,FIELD CROP TOTALS,"FIELD CROP TOTALS, PRINCIPAL, INCL POTATOES - ACRES PLANTED","492,000"
2013,FLORIDA,FIELD CROP TOTALS,"FIELD CROP TOTALS, PRINCIPAL, INCL POTATOES - ACRES PLANTED","1,190,000"
2013,GEORGIA,FIELD CROP TOTALS,"FIELD CROP TOTALS, PRINCIPAL, INCL POTATOES - ACRES PLANTED","3,863,000"
2013,HAWAII,FIELD CROP TOTALS,"FIELD CROP TOTALS, PRINCIPAL, INCL POTATOES - ACRES PLANTED","18,000"
2013,IDAHO,FIELD CROP TOTALS,"FIELD CROP TOTALS, PRINCIPAL, INCL POTATOES - ACRES PLANTED","4,532,000"
2013,ILLINOIS,FIELD CROP TOTALS,"FIELD CROP TOTALS, PRINCIPAL, INCL POTATOES - ACRES PLANTED","23,110,000"
2013,INDIANA,FIELD CROP TOTALS,"FIELD CROP TOTALS, PRINCIPAL, INCL POTATOES - ACRES PLANTED","12,320,000"
2013,IOWA,FIELD CROP TOTALS,"FIELD CROP TOTALS, PRINCIPAL, INCL POTATOES - ACRES PLANTED","24,320,000"
2013,KANSAS,FIELD CROP TOTALS,"FIELD CROP TOTALS, PRINCIPAL, INCL POTATOES - ACRES PLANTED","23,524,000"
2013,KENTUCKY,FIELD CROP TOTALS,"FIELD CROP TOTALS, PRINCIPAL, INCL POTATOES - ACRES PLANTED","6,387,000"
2013,LOUISIANA,FIELD CROP TOTALS,"FIELD CROP TOTALS, PRINCIPAL, INCL POTATOES - ACRES PLANTED","3,590,000"
2013,MAINE,FIELD CROP TOTALS,"FIELD CROP TOTALS, PRINCIPAL, INCL POTATOES - ACRES PLANTED","269,000"
2013,MARYLAND,FIELD CROP TOTALS,"FIELD CROP TOTALS, PRINCIPAL, INCL POTATOES - ACRES PLANTED","1,612,000"
2013,MASSACHUSETTS,FIELD CROP TOTALS,"FIELD CROP TOTALS, PRINCIPAL, INCL POTATOES - ACRES PLANTED","104,000"
2013,MICHIGAN,FIELD CROP TOTALS,"FIELD CROP TOTALS, PRINCIPAL, INCL POTATOES - ACRES PLANTED","6,524,000"
2013,MINNESOTA,FIELD CROP TOTALS,"FIELD CROP TOTALS, PRINCIPAL, INCL POTATOES - ACRES PLANTED","19,452,000"
2013,MISSISSIPPI,FIELD CROP TOTALS,"FIELD CROP TOTALS, PRINCIPAL, INCL POTATOES - ACRES PLANTED","4,504,000"
2013,MISSOURI,FIELD CROP TOTALS,"FIELD CROP TOTALS, PRINCIPAL, INCL POTATOES - ACRES PLANTED","14,634,000"
2013,MONTANA,FIELD CROP TOTALS,"FIELD CROP TOTALS, PRINCIPAL, INCL POTATOES - ACRES PLANTED","9,511,000"
2013,NEBRASKA,FIELD CROP TOTALS,"FIELD CROP TOTALS, PRINCIPAL, INCL POTATOES - ACRES PLANTED","19,518,000"
2013,NEVADA,FIELD CROP TOTALS,"FIELD CROP TOTALS, PRINCIPAL, INCL POTATOES - ACRES PLANTED","383,000"
2013,NEW HAMPSHIRE,FIELD CROP TOTALS,"FIELD CROP TOTALS, PRINCIPAL, INCL POTATOES - ACRES PLANTED","65,000"
2013,NEW JERSEY,FIELD CROP TOTALS,"FIELD CROP TOTALS, PRINCIPAL, INCL POTATOES - ACRES PLANTED","313,000"
2013,NEW MEXICO,FIELD CROP TOTALS,"FIELD CROP TOTALS, PRINCIPAL, INCL POTATOES - ACRES PLANTED","975,000"
2013,NEW YORK,FIELD CROP TOTALS,"FIELD CROP TOTALS, PRINCIPAL, INCL POTATOES - ACRES PLANTED","3,148,000"
2013,NORTH CAROLINA,FIELD CROP TOTALS,"FIELD CROP TOTALS, PRINCIPAL, INCL POTATOES - ACRES PLANTED","5,055,000"
2013,NORTH DAKOTA,FIELD CROP TOTALS,"FIELD CROP TOTALS, PRINCIPAL, INCL POTATOES - ACRES PLANTED","20,378,000"
2013,OHIO,FIELD CROP TOTALS,"FIELD CROP TOTALS, PRINCIPAL, INCL POTATOES - ACRES PLANTED","10,139,000"
2013,OKLAHOMA,FIELD CROP TOTALS,"FIELD CROP TOTALS, PRINCIPAL, INCL POTATOES - ACRES PLANTED","10,497,000"
2013,OREGON,FIELD CROP TOTALS,"FIELD CROP TOTALS, PRINCIPAL, INCL POTATOES - ACRES PLANTED","2,146,000"
,,,,
2013,PENNSYLVANIA,FIELD CROP TOTALS,"FIELD CROP TOTALS, PRINCIPAL, INCL POTATOES - ACRES PLANTED","3,651,000"
2013,RHODE ISLAND,FIELD CROP TOTALS,"FIELD CROP TOTALS, PRINCIPAL, INCL POTATOES - ACRES PLANTED","11,000"
2013,SOUTH CAROLINA,FIELD CROP TOTALS,"FIELD CROP TOTALS, PRINCIPAL, INCL POTATOES - ACRES PLANTED","1,614,000"
2013,SOUTH DAKOTA,FIELD CROP TOTALS,"FIELD CROP TOTALS, PRINCIPAL, INCL POTATOES - ACRES PLANTED","17,858,000"
2013,TENNESSEE,FIELD CROP TOTALS,"FIELD CROP TOTALS, PRINCIPAL, INCL POTATOES - ACRES PLANTED","5,296,000"
2013,TEXAS,FIELD CROP TOTALS,"FIELD CROP TOTALS, PRINCIPAL, INCL POTATOES - ACRES PLANTED","24,119,000"
2013,UTAH,FIELD CROP TOTALS,"FIELD CROP TOTALS, PRINCIPAL, INCL POTATOES - ACRES PLANTED","1,026,000"
2013,VERMONT,FIELD CROP TOTALS,"FIELD CROP TOTALS, PRINCIPAL, INCL POTATOES - ACRES PLANTED","272,000"
2013,VIRGINIA,FIELD CROP TOTALS,"FIELD CROP TOTALS, PRINCIPAL, INCL POTATOES - ACRES PLANTED","2,900,000"
2013,WASHINGTON,FIELD CROP TOTALS,"FIELD CROP TOTALS, PRINCIPAL, INCL POTATOES - ACRES PLANTED","3,702,000"
2013,WEST VIRGINIA,FIELD CROP TOTALS,"FIELD CROP TOTALS, PRINCIPAL, INCL POTATOES - ACRES PLANTED","675,000"
2013,WISCONSIN,FIELD CROP TOTALS,"FIELD CROP TOTALS, PRINCIPAL, INCL POTATOES - ACRES PLANTED","7,951,000"
2013,WYOMING,FIELD CROP TOTALS,"FIELD CROP TOTALS, PRINCIPAL, INCL POTATOES - ACRES PLANTED","1,425,000"
,,,,
2012,ALABAMA,FIELD CROP TOTALS,"FIELD CROP TOTALS, PRINCIPAL, INCL POTATOES - ACRES PLANTED","2,390,000"
2012,ARIZONA,FIELD CROP TOTALS,"FIELD CROP TOTALS, PRINCIPAL, INCL POTATOES - ACRES PLANTED","779,000"
2012,ARKANSAS,FIELD CROP TOTALS,"FIELD CROP TOTALS, PRINCIPAL, INCL POTATOES - ACRES PLANTED","7,948,000"
2012,CALIFORNIA,FIELD CROP TOTALS,"FIELD CROP TOTALS, PRINCIPAL, INCL POTATOES - ACRES PLANTED","4,256,000"
2012,COLORADO,FIELD CROP TOTALS,"FIELD CROP TOTALS, PRINCIPAL, INCL POTATOES - ACRES PLANTED","5,969,000"
2012,CONNECTICUT,FIELD CROP TOTALS,"FIELD CROP TOTALS, PRINCIPAL, INCL POTATOES - ACRES PLANTED","83,000"
2012,DELAWARE,FIELD CROP TOTALS,"FIELD CROP TOTALS, PRINCIPAL, INCL POTATOES - ACRES PLANTED","490,000"
2012,FLORIDA,FIELD CROP TOTALS,"FIELD CROP TOTALS, PRINCIPAL, INCL POTATOES - ACRES PLANTED","1,204,000"
2012,GEORGIA,FIELD CROP TOTALS,"FIELD CROP TOTALS, PRINCIPAL, INCL POTATOES - ACRES PLANTED","3,815,000"
2012,HAWAII,FIELD CROP TOTALS,"FIELD CROP TOTALS, PRINCIPAL, INCL POTATOES - ACRES PLANTED","17,000"
2012,IDAHO,FIELD CROP TOTALS,"FIELD CROP TOTALS, PRINCIPAL, INCL POTATOES - ACRES PLANTED","4,394,000"
2012,ILLINOIS,FIELD CROP TOTALS,"FIELD CROP TOTALS, PRINCIPAL, INCL POTATOES - ACRES PLANTED","23,108,000"
2012,INDIANA,FIELD CROP TOTALS,"FIELD CROP TOTALS, PRINCIPAL, INCL POTATOES - ACRES PLANTED","12,305,000"
2012,IOWA,FIELD CROP TOTALS,"FIELD CROP TOTALS, PRINCIPAL, INCL POTATOES - ACRES PLANTED","24,818,000"
2012,KANSAS,FIELD CROP TOTALS,"FIELD CROP TOTALS, PRINCIPAL, INCL POTATOES - ACRES PLANTED","23,472,000"
2012,KENTUCKY,FIELD CROP TOTALS,"FIELD CROP TOTALS, PRINCIPAL, INCL POTATOES - ACRES PLANTED","5,897,000"
2012,LOUISIANA,FIELD CROP TOTALS,"FIELD CROP TOTALS, PRINCIPAL, INCL POTATOES - ACRES PLANTED","3,600,000"
2012,MAINE,FIELD CROP TOTALS,"FIELD CROP TOTALS, PRINCIPAL, INCL POTATOES - ACRES PLANTED","265,000"
2012,MARYLAND,FIELD CROP TOTALS,"FIELD CROP TOTALS, PRINCIPAL, INCL POTATOES - ACRES PLANTED","1,522,000"
2012,MASSACHUSETTS,FIELD CROP TOTALS,"FIELD CROP TOTALS, PRINCIPAL, INCL POTATOES - ACRES PLANTED","89,000"
2012,MICHIGAN,FIELD CROP TOTALS,"FIELD CROP TOTALS, PRINCIPAL, INCL POTATOES - ACRES PLANTED","6,692,000"
2012,MINNESOTA,FIELD CROP TOTALS,"FIELD CROP TOTALS, PRINCIPAL, INCL POTATOES - ACRES PLANTED","20,009,000"
2012,MISSISSIPPI,FIELD CROP TOTALS,"FIELD CROP TOTALS, PRINCIPAL, INCL POTATOES - ACRES PLANTED","4,590,000"
2012,MISSOURI,FIELD CROP TOTALS,"FIELD CROP TOTALS, PRINCIPAL, INCL POTATOES - ACRES PLANTED","14,044,000"
2012,MONTANA,FIELD CROP TOTALS,"FIELD CROP TOTALS, PRINCIPAL, INCL POTATOES - ACRES PLANTED","9,192,000"
2012,NEBRASKA,FIELD CROP TOTALS,"FIELD CROP TOTALS, PRINCIPAL, INCL POTATOES - ACRES PLANTED","19,517,000"
2012,NEVADA,FIELD CROP TOTALS,"FIELD CROP TOTALS, PRINCIPAL, INCL POTATOES - ACRES PLANTED","456,000"
2012,NEW HAMPSHIRE,FIELD CROP TOTALS,"FIELD CROP TOTALS, PRINCIPAL, INCL POTATOES - ACRES PLANTED","66,000"
2012,NEW JERSEY,FIELD CROP TOTALS,"FIELD CROP TOTALS, PRINCIPAL, INCL POTATOES - ACRES PLANTED","323,000"
2012,NEW MEXICO,FIELD CROP TOTALS,"FIELD CROP TOTALS, PRINCIPAL, INCL POTATOES - ACRES PLANTED","1,014,000"
2012,NEW YORK,FIELD CROP TOTALS,"FIELD CROP TOTALS, PRINCIPAL, INCL POTATOES - ACRES PLANTED","3,034,000"
2012,NORTH CAROLINA,FIELD CROP TOTALS,"FIELD CROP TOTALS, PRINCIPAL, INCL POTATOES - ACRES PLANTED","4,863,000"
2012,NORTH DAKOTA,FIELD CROP TOTALS,"FIELD CROP TOTALS, PRINCIPAL, INCL POTATOES - ACRES PLANTED","23,010,000"
2012,OHIO,FIELD CROP TOTALS,"FIELD CROP TOTALS, PRINCIPAL, INCL POTATOES - ACRES PLANTED","10,104,000"
2012,OKLAHOMA,FIELD CROP TOTALS,"FIELD CROP TOTALS, PRINCIPAL, INCL POTATOES - ACRES PLANTED","10,029,000"
2012,OREGON,FIELD CROP TOTALS,"FIELD CROP TOTALS, PRINCIPAL, INCL POTATOES - ACRES PLANTED","2,132,000"
2012,PENNSYLVANIA,FIELD CROP TOTALS,"FIELD CROP TOTALS, PRINCIPAL, INCL POTATOES - ACRES PLANTED","3,749,000"
2012,RHODE ISLAND,FIELD CROP TOTALS,"FIELD CROP TOTALS, PRINCIPAL, INCL POTATOES - ACRES PLANTED","11,000"
2012,SOUTH CAROLINA,FIELD CROP TOTALS,"FIELD CROP TOTALS, PRINCIPAL, INCL POTATOES - ACRES PLANTED","1,694,000"
2012,SOUTH DAKOTA,FIELD CROP TOTALS,"FIELD CROP TOTALS, PRINCIPAL, INCL POTATOES - ACRES PLANTED","17,242,000"
2012,TENNESSEE,FIELD CROP TOTALS,"FIELD CROP TOTALS, PRINCIPAL, INCL POTATOES - ACRES PLANTED","4,873,000"
2012,TEXAS,FIELD CROP TOTALS,"FIELD CROP TOTALS, PRINCIPAL, INCL POTATOES - ACRES PLANTED","22,500,000"
2012,UTAH,FIELD CROP TOTALS,"FIELD CROP TOTALS, PRINCIPAL, INCL POTATOES - ACRES PLANTED","966,000"
2012,VERMONT,FIELD CROP TOTALS,"FIELD CROP TOTALS, PRINCIPAL, INCL POTATOES - ACRES PLANTED","271,000"
2012,VIRGINIA,FIELD CROP TOTALS,"FIELD CROP TOTALS, PRINCIPAL, INCL POTATOES - ACRES PLANTED","2,879,000"
2012,WASHINGTON,FIELD CROP TOTALS,"FIELD CROP TOTALS, PRINCIPAL, INCL POTATOES - ACRES PLANTED","3,600,000"
2012,WEST VIRGINIA,FIELD CROP TOTALS,"FIELD CROP TOTALS, PRINCIPAL, INCL POTATOES - ACRES PLANTED","675,000"
2012,WISCONSIN,FIELD CROP TOTALS,"FIELD CROP TOTALS, PRINCIPAL, INCL POTATOES - ACRES PLANTED","8,150,000"
2012,WYOMING,FIELD CROP TOTALS,"FIELD CROP TOTALS, PRINCIPAL, INCL POTATOES - ACRES PLANTED","1,377,000"
,,,,
2011,ALABAMA,FIELD CROP TOTALS,"FIELD CROP TOTALS, PRINCIPAL, INCL POTATOES - ACRES PLANTED","2,260,000"
2011,ARIZONA,FIELD CROP TOTALS,"FIELD CROP TOTALS, PRINCIPAL, INCL POTATOES - ACRES PLANTED","784,000"
2011,ARKANSAS,FIELD CROP TOTALS,"FIELD CROP TOTALS, PRINCIPAL, INCL POTATOES - ACRES PLANTED","7,901,000"
2011,CALIFORNIA,FIELD CROP TOTALS,"FIELD CROP TOTALS, PRINCIPAL, INCL POTATOES - ACRES PLANTED","4,300,000"
2011,COLORADO,FIELD CROP TOTALS,"FIELD CROP TOTALS, PRINCIPAL, INCL POTATOES - ACRES PLANTED","6,245,000"
2011,CONNECTICUT,FIELD CROP TOTALS,"FIELD CROP TOTALS, PRINCIPAL, INCL POTATOES - ACRES PLANTED","87,000"
2011,DELAWARE,FIELD CROP TOTALS,"FIELD CROP TOTALS, PRINCIPAL, INCL POTATOES - ACRES PLANTED","492,000"
2011,FLORIDA,FIELD CROP TOTALS,"FIELD CROP TOTALS, PRINCIPAL, INCL POTATOES - ACRES PLANTED","1,085,000"
2011,GEORGIA,FIELD CROP TOTALS,"FIELD CROP TOTALS, PRINCIPAL, INCL POTATOES - ACRES PLANTED","3,722,000"
2011,HAWAII,FIELD CROP TOTALS,"FIELD CROP TOTALS, PRINCIPAL, INCL POTATOES - ACRES PLANTED","17,000"
2011,IDAHO,FIELD CROP TOTALS,"FIELD CROP TOTALS, PRINCIPAL, INCL POTATOES - ACRES PLANTED","4,381,000"
2011,ILLINOIS,FIELD CROP TOTALS,"FIELD CROP TOTALS, PRINCIPAL, INCL POTATOES - ACRES PLANTED","22,949,000"
2011,INDIANA,FIELD CROP TOTALS,"FIELD CROP TOTALS, PRINCIPAL, INCL POTATOES - ACRES PLANTED","12,275,000"
2011,IOWA,FIELD CROP TOTALS,"FIELD CROP TOTALS, PRINCIPAL, INCL POTATOES - ACRES PLANTED","24,732,000"
2011,KANSAS,FIELD CROP TOTALS,"FIELD CROP TOTALS, PRINCIPAL, INCL POTATOES - ACRES PLANTED","22,990,000"
2011,KENTUCKY,FIELD CROP TOTALS,"FIELD CROP TOTALS, PRINCIPAL, INCL POTATOES - ACRES PLANTED","5,598,000"
2011,LOUISIANA,FIELD CROP TOTALS,"FIELD CROP TOTALS, PRINCIPAL, INCL POTATOES - ACRES PLANTED","3,538,000"
2011,MAINE,FIELD CROP TOTALS,"FIELD CROP TOTALS, PRINCIPAL, INCL POTATOES - ACRES PLANTED","263,000"
2011,MARYLAND,FIELD CROP TOTALS,"FIELD CROP TOTALS, PRINCIPAL, INCL POTATOES - ACRES PLANTED","1,502,000"
2011,MASSACHUSETTS,FIELD CROP TOTALS,"FIELD CROP TOTALS, PRINCIPAL, INCL POTATOES - ACRES PLANTED","95,000"
2011,MICHIGAN,FIELD CROP TOTALS,"FIELD CROP TOTALS, PRINCIPAL, INCL POTATOES - ACRES PLANTED","6,568,000"
2011,MINNESOTA,FIELD CROP TOTALS,"FIELD CROP TOTALS, PRINCIPAL, INCL POTATOES - ACRES PLANTED","19,592,000"
2011,MISSISSIPPI,FIELD CROP TOTALS,"FIELD CROP TOTALS, PRINCIPAL, INCL POTATOES - ACRES PLANTED","4,552,000"
2011,MISSOURI,FIELD CROP TOTALS,"FIELD CROP TOTALS, PRINCIPAL, INCL POTATOES - ACRES PLANTED","13,771,000"
2011,MONTANA,FIELD CROP TOTALS,"FIELD CROP TOTALS, PRINCIPAL, INCL POTATOES - ACRES PLANTED","8,720,000"
2011,NEBRASKA,FIELD CROP TOTALS,"FIELD CROP TOTALS, PRINCIPAL, INCL POTATOES - ACRES PLANTED","19,291,000"
2011,NEVADA,FIELD CROP TOTALS,"FIELD CROP TOTALS, PRINCIPAL, INCL POTATOES - ACRES PLANTED","481,000"
2011,NEW HAMPSHIRE,FIELD CROP TOTALS,"FIELD CROP TOTALS, PRINCIPAL, INCL POTATOES - ACRES PLANTED","68,000"
2011,NEW JERSEY,FIELD CROP TOTALS,"FIELD CROP TOTALS, PRINCIPAL, INCL POTATOES - ACRES PLANTED","317,000"
2011,NEW MEXICO,FIELD CROP TOTALS,"FIELD CROP TOTALS, PRINCIPAL, INCL POTATOES - ACRES PLANTED","1,033,000"
2011,NEW YORK,FIELD CROP TOTALS,"FIELD CROP TOTALS, PRINCIPAL, INCL POTATOES - ACRES PLANTED","2,864,000"
2011,NORTH CAROLINA,FIELD CROP TOTALS,"FIELD CROP TOTALS, PRINCIPAL, INCL POTATOES - ACRES PLANTED","4,829,000"
2011,NORTH DAKOTA,FIELD CROP TOTALS,"FIELD CROP TOTALS, PRINCIPAL, INCL POTATOES - ACRES PLANTED","18,245,000"
2011,OHIO,FIELD CROP TOTALS,"FIELD CROP TOTALS, PRINCIPAL, INCL POTATOES - ACRES PLANTED","9,994,000"
2011,OKLAHOMA,FIELD CROP TOTALS,"FIELD CROP TOTALS, PRINCIPAL, INCL POTATOES - ACRES PLANTED","9,514,000"
2011,OREGON,FIELD CROP TOTALS,"FIELD CROP TOTALS, PRINCIPAL, INCL POTATOES - ACRES PLANTED","2,249,000"
2011,PENNSYLVANIA,FIELD CROP TOTALS,"FIELD CROP TOTALS, PRINCIPAL, INCL POTATOES - ACRES PLANTED","3,729,000"
2011,RHODE ISLAND,FIELD CROP TOTALS,"FIELD CROP TOTALS, PRINCIPAL, INCL POTATOES - ACRES PLANTED","12,000"
2011,SOUTH CAROLINA,FIELD CROP TOTALS,"FIELD CROP TOTALS, PRINCIPAL, INCL POTATOES - ACRES PLANTED","1,638,000"
2011,SOUTH DAKOTA,FIELD CROP TOTALS,"FIELD CROP TOTALS, PRINCIPAL, INCL POTATOES - ACRES PLANTED","16,403,000"
2011,TENNESSEE,FIELD CROP TOTALS,"FIELD CROP TOTALS, PRINCIPAL, INCL POTATOES - ACRES PLANTED","4,877,000"
2011,TEXAS,FIELD CROP TOTALS,"FIELD CROP TOTALS, PRINCIPAL, INCL POTATOES - ACRES PLANTED","21,267,000"
2011,UTAH,FIELD CROP TOTALS,"FIELD CROP TOTALS, PRINCIPAL, INCL POTATOES - ACRES PLANTED","1,064,000"
2011,VERMONT,FIELD CROP TOTALS,"FIELD CROP TOTALS, PRINCIPAL, INCL POTATOES - ACRES PLANTED","265,000"
2011,VIRGINIA,FIELD CROP TOTALS,"FIELD CROP TOTALS, PRINCIPAL, INCL POTATOES - ACRES PLANTED","2,951,000"
2011,WASHINGTON,FIELD CROP TOTALS,"FIELD CROP TOTALS, PRINCIPAL, INCL POTATOES - ACRES PLANTED","3,718,000"
2011,WEST VIRGINIA,FIELD CROP TOTALS,"FIELD CROP TOTALS, PRINCIPAL, INCL POTATOES - ACRES PLANTED","723,000"
2011,WISCONSIN,FIELD CROP TOTALS,"FIELD CROP TOTALS, PRINCIPAL, INCL POTATOES - ACRES PLANTED","8,026,000"
2011,WYOMING,FIELD CROP TOTALS,"FIELD CROP TOTALS, PRINCIPAL, INCL POTATOES - ACRES PLANTED","1,551,000"
,,,,
2010,ALABAMA,FIELD CROP TOTALS,"FIELD CROP TOTALS, PRINCIPAL, INCL POTATOES - ACRES PLANTED","2,075,000"
2010,ARIZONA,FIELD CROP TOTALS,"FIELD CROP TOTALS, PRINCIPAL, INCL POTATOES - ACRES PLANTED","724,000"
2010,ARKANSAS,FIELD CROP TOTALS,"FIELD CROP TOTALS, PRINCIPAL, INCL POTATOES - ACRES PLANTED","7,631,000"
2010,CALIFORNIA,FIELD CROP TOTALS,"FIELD CROP TOTALS, PRINCIPAL, INCL POTATOES - ACRES PLANTED","4,196,000"
2010,COLORADO,FIELD CROP TOTALS,"FIELD CROP TOTALS, PRINCIPAL, INCL POTATOES - ACRES PLANTED","6,195,000"
2010,CONNECTICUT,FIELD CROP TOTALS,"FIELD CROP TOTALS, PRINCIPAL, INCL POTATOES - ACRES PLANTED","88,000"
2010,DELAWARE,FIELD CROP TOTALS,"FIELD CROP TOTALS, PRINCIPAL, INCL POTATOES - ACRES PLANTED","442,000"
2010,FLORIDA,FIELD CROP TOTALS,"FIELD CROP TOTALS, PRINCIPAL, INCL POTATOES - ACRES PLANTED","1,079,000"
2010,GEORGIA,FIELD CROP TOTALS,"FIELD CROP TOTALS, PRINCIPAL, INCL POTATOES - ACRES PLANTED","3,556,000"
2010,HAWAII,FIELD CROP TOTALS,"FIELD CROP TOTALS, PRINCIPAL, INCL POTATOES - ACRES PLANTED","17,000"
2010,IDAHO,FIELD CROP TOTALS,"FIELD CROP TOTALS, PRINCIPAL, INCL POTATOES - ACRES PLANTED","4,368,000"
2010,ILLINOIS,FIELD CROP TOTALS,"FIELD CROP TOTALS, PRINCIPAL, INCL POTATOES - ACRES PLANTED","22,687,000"
2010,INDIANA,FIELD CROP TOTALS,"FIELD CROP TOTALS, PRINCIPAL, INCL POTATOES - ACRES PLANTED","12,140,000"
2010,IOWA,FIELD CROP TOTALS,"FIELD CROP TOTALS, PRINCIPAL, INCL POTATOES - ACRES PLANTED","24,595,000"
2010,KANSAS,FIELD CROP TOTALS,"FIELD CROP TOTALS, PRINCIPAL, INCL POTATOES - ACRES PLANTED","22,629,000"
2010,KENTUCKY,FIELD CROP TOTALS,"FIELD CROP TOTALS, PRINCIPAL, INCL POTATOES - ACRES PLANTED","5,475,000"
2010,LOUISIANA,FIELD CROP TOTALS,"FIELD CROP TOTALS, PRINCIPAL, INCL POTATOES - ACRES PLANTED","3,407,000"
2010,MAINE,FIELD CROP TOTALS,"FIELD CROP TOTALS, PRINCIPAL, INCL POTATOES - ACRES PLANTED","268,000"
2010,MARYLAND,FIELD CROP TOTALS,"FIELD CROP TOTALS, PRINCIPAL, INCL POTATOES - ACRES PLANTED","1,417,000"
2010,MASSACHUSETTS,FIELD CROP TOTALS,"FIELD CROP TOTALS, PRINCIPAL, INCL POTATOES - ACRES PLANTED","99,000"
2010,MICHIGAN,FIELD CROP TOTALS,"FIELD CROP TOTALS, PRINCIPAL, INCL POTATOES - ACRES PLANTED","6,483,000"
2010,MINNESOTA,FIELD CROP TOTALS,"FIELD CROP TOTALS, PRINCIPAL, INCL POTATOES - ACRES PLANTED","19,818,000"
2010,MISSISSIPPI,FIELD CROP TOTALS,"FIELD CROP TOTALS, PRINCIPAL, INCL POTATOES - ACRES PLANTED","4,321,000"
2010,MISSOURI,FIELD CROP TOTALS,"FIELD CROP TOTALS, PRINCIPAL, INCL POTATOES - ACRES PLANTED","13,110,000"
2010,MONTANA,FIELD CROP TOTALS,"FIELD CROP TOTALS, PRINCIPAL, INCL POTATOES - ACRES PLANTED","9,215,000"
2010,NEBRASKA,FIELD CROP TOTALS,"FIELD CROP TOTALS, PRINCIPAL, INCL POTATOES - ACRES PLANTED","19,211,000"
2010,NEVADA,FIELD CROP TOTALS,"FIELD CROP TOTALS, PRINCIPAL, INCL POTATOES - ACRES PLANTED","491,000"
2010,NEW HAMPSHIRE,FIELD CROP TOTALS,"FIELD CROP TOTALS, PRINCIPAL, INCL POTATOES - ACRES PLANTED","71,000"
2010,NEW JERSEY,FIELD CROP TOTALS,"FIELD CROP TOTALS, PRINCIPAL, INCL POTATOES - ACRES PLANTED","306,000"
2010,NEW MEXICO,FIELD CROP TOTALS,"FIELD CROP TOTALS, PRINCIPAL, INCL POTATOES - ACRES PLANTED","1,085,000"
2010,NEW YORK,FIELD CROP TOTALS,"FIELD CROP TOTALS, PRINCIPAL, INCL POTATOES - ACRES PLANTED","2,889,000"
2010,NORTH CAROLINA,FIELD CROP TOTALS,"FIELD CROP TOTALS, PRINCIPAL, INCL POTATOES - ACRES PLANTED","4,663,000"
2010,NORTH DAKOTA,FIELD CROP TOTALS,"FIELD CROP TOTALS, PRINCIPAL, INCL POTATOES - ACRES PLANTED","21,386,000"
2010,OHIO,FIELD CROP TOTALS,"FIELD CROP TOTALS, PRINCIPAL, INCL POTATOES - ACRES PLANTED","9,950,000"
2010,OKLAHOMA,FIELD CROP TOTALS,"FIELD CROP TOTALS, PRINCIPAL, INCL POTATOES - ACRES PLANTED","10,215,000"
2010,OREGON,FIELD CROP TOTALS,"FIELD CROP TOTALS, PRINCIPAL, INCL POTATOES - ACRES PLANTED","2,189,000"
2010,PENNSYLVANIA,FIELD CROP TOTALS,"FIELD CROP TOTALS, PRINCIPAL, INCL POTATOES - ACRES PLANTED","3,688,000"
2010,RHODE ISLAND,FIELD CROP TOTALS,"FIELD CROP TOTALS, PRINCIPAL, INCL POTATOES - ACRES PLANTED","11,000"
2010,SOUTH CAROLINA,FIELD CROP TOTALS,"FIELD CROP TOTALS, PRINCIPAL, INCL POTATOES - ACRES PLANTED","1,621,000"
2010,SOUTH DAKOTA,FIELD CROP TOTALS,"FIELD CROP TOTALS, PRINCIPAL, INCL POTATOES - ACRES PLANTED","16,103,000"
2010,TENNESSEE,FIELD CROP TOTALS,"FIELD CROP TOTALS, PRINCIPAL, INCL POTATOES - ACRES PLANTED","4,762,000"
2010,TEXAS,FIELD CROP TOTALS,"FIELD CROP TOTALS, PRINCIPAL, INCL POTATOES - ACRES PLANTED","21,972,000"
2010,UTAH,FIELD CROP TOTALS,"FIELD CROP TOTALS, PRINCIPAL, INCL POTATOES - ACRES PLANTED","1,000,000"
2010,VERMONT,FIELD CROP TOTALS,"FIELD CROP TOTALS, PRINCIPAL, INCL POTATOES - ACRES PLANTED","287,000"
2010,VIRGINIA,FIELD CROP TOTALS,"FIELD CROP TOTALS, PRINCIPAL, INCL POTATOES - ACRES PLANTED","2,774,000"
2010,WASHINGTON,FIELD CROP TOTALS,"FIELD CROP TOTALS, PRINCIPAL, INCL POTATOES - ACRES PLANTED","3,681,000"
2010,WEST VIRGINIA,FIELD CROP TOTALS,"FIELD CROP TOTALS, PRINCIPAL, INCL POTATOES - ACRES PLANTED","695,000"
2010,WISCONSIN,FIELD CROP TOTALS,"FIELD CROP TOTALS, PRINCIPAL, INCL POTATOES - ACRES PLANTED","7,864,000"
2010,WYOMING,FIELD CROP TOTALS,"FIELD CROP TOTALS, PRINCIPAL, INCL POTATOES - ACRES PLANTED","1,619,000"
